persona_id,household_id,method,city,days,start_date,price_csv,vpp_start_hour,vpp_duration_hours,vpp_events_json,mpc_horizon,status,return_code,elapsed_s,output_dir,log_file,run_summary_path,exit_code,energy_kwh,energy_kwh_per_day,day_ahead_total_cost_eur,day_ahead_weighted_price_eur_per_kwh,day_ahead_price_unit,day_ahead_price_source,vpp_window_energy_kwh,vpp_window_energy_avg_per_hour_kwh,vpp_demand_achievement_ratio,vpp_appliance_avoidance_success_rate,user_pref_score,appliance_task_completion_rate,physical_appliance_task_completion_rate,policy_output_covered_appliance_services,policy_output_uncovered_appliance_services,policy_output_absent_appliance_services,completed_vpp_avoidance_rate,counterfactual_baseline_status,counterfactual_baseline_id,counterfactual_baseline_source,counterfactual_baseline_basis,counterfactual_baseline_event_count,counterfactual_baseline_vpp_window_kwh,counterfactual_actual_vpp_window_kwh,counterfactual_baseline_vpp_window_avg_per_hour_kwh,counterfactual_actual_vpp_window_avg_per_hour_kwh,counterfactual_capacity_upper_bound_total_kwh,counterfactual_capacity_upper_bound_avg_per_hour_kwh,counterfactual_capacity_upper_bound_basis,counterfactual_actual_shed_total_kwh,counterfactual_actual_shed_avg_per_event_kwh,counterfactual_actual_shed_avg_per_hour_kwh,counterfactual_delivery_ratio_vs_target_avg,counterfactual_delivery_ratio_vs_recommended_bid_avg,counterfactual_delivery_ratio_vs_baseline_upper_bound_avg,counterfactual_delivery_ratio_vs_baseline_upper_bound_total,vpp_energy_reduction_kwh,vpp_actual_shed_kwh,vpp_energy_reduction_total_kwh,vpp_energy_reduction_avg_per_event_kwh,vpp_energy_reduction_avg_per_hour_kwh,vpp_energy_reduction_basis
household_s1_dual_commuter_standard,household_s1_dual_commuter_standard,mpc_dynamic,Germany,7,2025-06-01,experiments/real_data/germany_2025_price.csv,18.0,1.0,,6,completed,0,90.9,/home/hku_user/work/EnergyBridge/benchmark_results/2026-06-29_mpc_rule_roleplay_v2/household_s1_dual_commuter_standard_mpc_dynamic_H6_germany_7days,/home/hku_user/work/EnergyBridge/benchmark_results/2026-06-29_mpc_rule_roleplay_v2/_batch_logs/household_matrix_germany_7days_H6/household_s1_dual_commuter_standard_mpc_dynamic_H6_germany_7days.log,/home/hku_user/work/EnergyBridge/benchmark_results/2026-06-29_mpc_rule_roleplay_v2/household_s1_dual_commuter_standard_mpc_dynamic_H6_germany_7days/run_summary.txt,0,235.509222,33.644175,26.147622,0.072265,EUR/kWh,experiments/real_data/germany_2025_price.csv,10.0326,1.4332,1.0,1.0,3.678571,1.0,1.0,"['dishwasher', 'dryer', 'ev', 'washer', 'water_heater']",[],[],1.0,matched,household_s1_dual_commuter_standard|germany|7days|2025-06-01|no_dr,/home/hku_user/work/EnergyBridge/benchmark_results/2026-06-30_counterfactual_baseline/household_s1_dual_commuter_standard_no_dr_germany_7days/benchmark_result.json,no_dr_counterfactual_event_window_energy,7,38.4208,10.0323,5.488686,1.433186,38.4208,5.488686,no_dr_counterfactual_event_window_energy,28.3885,4.0555,4.0555,1.318005,14.837799,0.804549,0.738884,4.0555,4.0555,28.3885,4.0555,4.0555,no_dr_counterfactual_baseline
household_s1_dual_commuter_standard,household_s1_dual_commuter_standard,mpc_ep,Germany,7,2025-06-01,experiments/real_data/germany_2025_price.csv,18.0,1.0,,6,completed,0,562.1,/home/hku_user/work/EnergyBridge/benchmark_results/2026-06-29_ep_hybrid_explain_cap_v3/household_s1_dual_commuter_standard_mpc_ep_H6_germany_7days,/home/hku_user/work/EnergyBridge/benchmark_results/2026-06-29_ep_hybrid_explain_cap_v3/_batch_logs/household_matrix_germany_7days_H6/household_s1_dual_commuter_standard_mpc_ep_H6_germany_7days.log,/home/hku_user/work/EnergyBridge/benchmark_results/2026-06-29_ep_hybrid_explain_cap_v3/household_s1_dual_commuter_standard_mpc_ep_H6_germany_7days/run_summary.txt,0,245.381968,35.054567,25.923804,0.071367,EUR/kWh,experiments/real_data/germany_2025_price.csv,9.378,1.3397,1.0,1.0,3.464286,1.0,1.0,"['dishwasher', 'dryer', 'ev', 'washer', 'water_heater']",[],[],1.0,matched,household_s1_dual_commuter_standard|germany|7days|2025-06-01|no_dr,/home/hku_user/work/EnergyBridge/benchmark_results/2026-06-30_counterfactual_baseline/household_s1_dual_commuter_standard_no_dr_germany_7days/benchmark_result.json,no_dr_counterfactual_event_window_energy,7,38.4208,9.3778,5.488686,1.339686,38.4208,5.488686,no_dr_counterfactual_event_window_energy,29.043,4.149,4.149,1.348391,15.89171,0.8177,0.755919,4.149,4.149,29.043,4.149,4.149,no_dr_counterfactual_baseline
household_s1_dual_commuter_standard,household_s1_dual_commuter_standard,rule_milp,Germany,7,2025-06-01,experiments/real_data/germany_2025_price.csv,18.0,1.0,,,completed,0,94.0,/home/hku_user/work/EnergyBridge/benchmark_results/2026-06-29_mpc_rule_roleplay_v2/household_s1_dual_commuter_standard_rule_milp_germany_7days,/home/hku_user/work/EnergyBridge/benchmark_results/2026-06-29_mpc_rule_roleplay_v2/_batch_logs/household_matrix_germany_7days_H6/household_s1_dual_commuter_standard_rule_milp_germany_7days.log,/home/hku_user/work/EnergyBridge/benchmark_results/2026-06-29_mpc_rule_roleplay_v2/household_s1_dual_commuter_standard_rule_milp_germany_7days/run_summary.txt,0,234.918404,33.559772,22.232599,0.061911,EUR/kWh,experiments/real_data/germany_2025_price.csv,9.9299,1.4186,1.0,1.0,3.428571,1.0,1.0,"['dishwasher', 'dryer', 'ev', 'washer', 'water_heater']",[],[],1.0,matched,household_s1_dual_commuter_standard|germany|7days|2025-06-01|no_dr,/home/hku_user/work/EnergyBridge/benchmark_results/2026-06-30_counterfactual_baseline/household_s1_dual_commuter_standard_no_dr_germany_7days/benchmark_result.json,no_dr_counterfactual_event_window_energy,7,38.4208,9.9297,5.488686,1.418529,38.4208,5.488686,no_dr_counterfactual_event_window_energy,28.4911,4.070157,4.070157,1.322768,49.785347,0.808167,0.741554,4.070157,4.070157,28.4911,4.070157,4.070157,no_dr_counterfactual_baseline
household_s1_dual_commuter_standard,household_s1_dual_commuter_standard,eb_rule_milp,Germany,7,2025-06-01,experiments/real_data/germany_2025_price.csv,18.0,1.0,,,completed,0,394.6,/home/hku_user/work/EnergyBridge/benchmark_results/2026-06-29_ep_hybrid_explain_cap_v3/household_s1_dual_commuter_standard_eb_rule_milp_germany_7days,/home/hku_user/work/EnergyBridge/benchmark_results/2026-06-29_ep_hybrid_explain_cap_v3/_batch_logs/household_matrix_germany_7days_H6/household_s1_dual_commuter_standard_eb_rule_milp_germany_7days.log,/home/hku_user/work/EnergyBridge/benchmark_results/2026-06-29_ep_hybrid_explain_cap_v3/household_s1_dual_commuter_standard_eb_rule_milp_germany_7days/run_summary.txt,0,244.237771,34.89111,23.348593,0.063996,EUR/kWh,experiments/real_data/germany_2025_price.csv,11.027,1.5753,1.0,1.0,4.071429,1.0,1.0,"['dishwasher', 'dryer', 'ev', 'washer', 'water_heater']",[],[],1.0,matched,household_s1_dual_commuter_standard|germany|7days|2025-06-01|no_dr,/home/hku_user/work/EnergyBridge/benchmark_results/2026-06-30_counterfactual_baseline/household_s1_dual_commuter_standard_no_dr_germany_7days/benchmark_result.json,no_dr_counterfactual_event_window_energy,7,38.4208,11.0269,5.488686,1.575271,38.4208,5.488686,no_dr_counterfactual_event_window_energy,27.3939,3.913414,3.913414,1.271828,23.219836,0.777418,0.712997,3.913414,3.913414,27.3939,3.913414,3.913414,no_dr_counterfactual_baseline
household_s1_dual_commuter_standard,household_s1_dual_commuter_standard,EnergyBridge,Germany,7,2025-06-01,experiments/real_data/germany_2025_price.csv,18.0,1.0,,,skipped_done,0,0.0,/home/hku_user/work/EnergyBridge/benchmark_results/2026-06-28_roleplay_v2/household_s1_dual_commuter_standard_EnergyBridge_germany_7days,/home/hku_user/work/EnergyBridge/benchmark_results/2026-06-28_roleplay_v2/_batch_logs/household_matrix_germany_7days_H6/household_s1_dual_commuter_standard_EnergyBridge_germany_7days.log,/home/hku_user/work/EnergyBridge/benchmark_results/2026-06-28_roleplay_v2/household_s1_dual_commuter_standard_EnergyBridge_germany_7days/run_summary.txt,0,244.488206,34.926887,27.318161,0.07568,EUR/kWh,experiments/real_data/germany_2025_price.csv,10.5174,1.5025,1.0,1.0,3.285714,1.0,1.0,"['dishwasher', 'dryer', 'ev', 'washer', 'water_heater']",[],[],1.0,matched,household_s1_dual_commuter_standard|germany|7days|2025-06-01|no_dr,/home/hku_user/work/EnergyBridge/benchmark_results/2026-06-30_counterfactual_baseline/household_s1_dual_commuter_standard_no_dr_germany_7days/benchmark_result.json,no_dr_counterfactual_event_window_energy,7,38.4208,10.5173,5.488686,1.502471,38.4208,5.488686,no_dr_counterfactual_event_window_energy,27.9035,3.986214,3.986214,1.295487,28.396999,0.787799,0.72626,3.986214,3.986214,27.9035,3.986214,3.986214,no_dr_counterfactual_baseline
household_s1_dual_commuter_standard,household_s1_dual_commuter_standard,mpc_dynamic,Tianjin,7,2025-06-01,,18.0,1.0,,6,completed,0,82.7,/home/hku_user/work/EnergyBridge/benchmark_results/2026-06-29_mpc_rule_roleplay_v2/household_s1_dual_commuter_standard_mpc_dynamic_H6_tianjin_7days,/home/hku_user/work/EnergyBridge/benchmark_results/2026-06-29_mpc_rule_roleplay_v2/_batch_logs/household_matrix_tianjin_7days_H6/household_s1_dual_commuter_standard_mpc_dynamic_H6_tianjin_7days.log,/home/hku_user/work/EnergyBridge/benchmark_results/2026-06-29_mpc_rule_roleplay_v2/household_s1_dual_commuter_standard_mpc_dynamic_H6_tianjin_7days/run_summary.txt,0,279.910945,39.987278,295.504184,1.354765,normalized TOU cost/kWh,/home/hku_user/work/EnergyBridge/experiments/real_data/tianjin_tou_price_normalized.csv,8.9677,1.2811,1.0,1.0,3.5,1.0,1.0,"['dishwasher', 'dryer', 'ev', 'washer', 'water_heater']",[],[],1.0,matched,household_s1_dual_commuter_standard|tianjin|7days|2025-06-01|no_dr,/home/hku_user/work/EnergyBridge/benchmark_results/2026-06-30_counterfactual_baseline/household_s1_dual_commuter_standard_no_dr_tianjin_7days/benchmark_result.json,no_dr_counterfactual_event_window_energy,7,36.5853,8.9676,5.226471,1.281086,36.5853,5.226471,no_dr_counterfactual_event_window_energy,27.6177,3.945386,3.945386,1.282218,12.853165,0.748393,0.754885,3.945386,3.945386,27.6177,3.945386,3.945386,no_dr_counterfactual_baseline
household_s1_dual_commuter_standard,household_s1_dual_commuter_standard,mpc_ep,Tianjin,7,2025-06-01,experiments/real_data/tianjin_tou_price_normalized.csv,18.0,1.0,,6,completed,0,436.3,/home/hku_user/work/EnergyBridge/benchmark_results/2026-06-29_ep_hybrid_explain_cap_v3/household_s1_dual_commuter_standard_mpc_ep_H6_tianjin_7days,/home/hku_user/work/EnergyBridge/benchmark_results/2026-06-29_ep_hybrid_explain_cap_v3/_batch_logs/household_matrix_tianjin_7days_H6/household_s1_dual_commuter_standard_mpc_ep_H6_tianjin_7days.log,/home/hku_user/work/EnergyBridge/benchmark_results/2026-06-29_ep_hybrid_explain_cap_v3/household_s1_dual_commuter_standard_mpc_ep_H6_tianjin_7days/run_summary.txt,0,293.774817,41.967831,302.297147,1.341346,normalized TOU cost/kWh,experiments/real_data/tianjin_tou_price_normalized.csv,9.0207,1.2887,1.0,1.0,3.357143,1.0,1.0,"['dishwasher', 'dryer', 'ev', 'washer', 'water_heater']",[],[],1.0,matched,household_s1_dual_commuter_standard|tianjin|7days|2025-06-01|no_dr,/home/hku_user/work/EnergyBridge/benchmark_results/2026-06-30_counterfactual_baseline/household_s1_dual_commuter_standard_no_dr_tianjin_7days/benchmark_result.json,no_dr_counterfactual_event_window_energy,7,36.5853,9.0207,5.226471,1.288671,36.5853,5.226471,no_dr_counterfactual_event_window_energy,27.5646,3.9378,3.9378,1.279753,11.613118,0.751471,0.753434,3.9378,3.9378,27.5646,3.9378,3.9378,no_dr_counterfactual_baseline
household_s1_dual_commuter_standard,household_s1_dual_commuter_standard,rule_milp,Tianjin,7,2025-06-01,,18.0,1.0,,,completed,0,72.9,/home/hku_user/work/EnergyBridge/benchmark_results/2026-06-29_mpc_rule_roleplay_v2/household_s1_dual_commuter_standard_rule_milp_tianjin_7days,/home/hku_user/work/EnergyBridge/benchmark_results/2026-06-29_mpc_rule_roleplay_v2/_batch_logs/household_matrix_tianjin_7days_H6/household_s1_dual_commuter_standard_rule_milp_tianjin_7days.log,/home/hku_user/work/EnergyBridge/benchmark_results/2026-06-29_mpc_rule_roleplay_v2/household_s1_dual_commuter_standard_rule_milp_tianjin_7days/run_summary.txt,0,258.133874,36.876268,267.675874,1.221869,normalized TOU cost/kWh,/home/hku_user/work/EnergyBridge/experiments/real_data/tianjin_tou_price_normalized.csv,11.2636,1.6091,1.0,1.0,3.107143,1.0,1.0,"['dishwasher', 'dryer', 'ev', 'washer', 'water_heater']",[],[],1.0,matched,household_s1_dual_commuter_standard|tianjin|7days|2025-06-01|no_dr,/home/hku_user/work/EnergyBridge/benchmark_results/2026-06-30_counterfactual_baseline/household_s1_dual_commuter_standard_no_dr_tianjin_7days/benchmark_result.json,no_dr_counterfactual_event_window_energy,7,36.5853,11.2636,5.226471,1.609086,36.5853,5.226471,no_dr_counterfactual_event_window_energy,25.3217,3.617386,3.617386,1.175621,32.350209,0.695945,0.692128,3.617386,3.617386,25.3217,3.617386,3.617386,no_dr_counterfactual_baseline
household_s1_dual_commuter_standard,household_s1_dual_commuter_standard,eb_rule_milp,Tianjin,7,2025-06-01,experiments/real_data/tianjin_tou_price_normalized.csv,18.0,1.0,,,completed,0,383.3,/home/hku_user/work/EnergyBridge/benchmark_results/2026-06-29_ep_hybrid_explain_cap_v3/household_s1_dual_commuter_standard_eb_rule_milp_tianjin_7days,/home/hku_user/work/EnergyBridge/benchmark_results/2026-06-29_ep_hybrid_explain_cap_v3/_batch_logs/household_matrix_tianjin_7days_H6/household_s1_dual_commuter_standard_eb_rule_milp_tianjin_7days.log,/home/hku_user/work/EnergyBridge/benchmark_results/2026-06-29_ep_hybrid_explain_cap_v3/household_s1_dual_commuter_standard_eb_rule_milp_tianjin_7days/run_summary.txt,0,304.142527,43.448932,316.321114,1.268235,normalized TOU cost/kWh,experiments/real_data/tianjin_tou_price_normalized.csv,16.0219,2.2888,1.0,1.0,4.0,1.0,1.0,"['dishwasher', 'dryer', 'ev', 'washer', 'water_heater']",[],[],1.0,matched,household_s1_dual_commuter_standard|tianjin|7days|2025-06-01|no_dr,/home/hku_user/work/EnergyBridge/benchmark_results/2026-06-30_counterfactual_baseline/household_s1_dual_commuter_standard_no_dr_tianjin_7days/benchmark_result.json,no_dr_counterfactual_event_window_energy,7,36.5853,16.0219,5.226471,2.288843,36.5853,5.226471,no_dr_counterfactual_event_window_energy,20.5634,2.937629,2.937629,0.954705,4.305667,0.530229,0.562067,2.937629,2.937629,20.5634,2.937629,2.937629,no_dr_counterfactual_baseline
household_s1_dual_commuter_standard,household_s1_dual_commuter_standard,EnergyBridge,Tianjin,7,2025-06-01,,18.0,1.0,,,skipped_done,0,0.0,/home/hku_user/work/EnergyBridge/benchmark_results/2026-06-28_roleplay_v2/household_s1_dual_commuter_standard_EnergyBridge_tianjin_7days,/home/hku_user/work/EnergyBridge/benchmark_results/2026-06-28_roleplay_v2/_batch_logs/household_matrix_tianjin_7days_H6/household_s1_dual_commuter_standard_EnergyBridge_tianjin_7days.log,/home/hku_user/work/EnergyBridge/benchmark_results/2026-06-28_roleplay_v2/household_s1_dual_commuter_standard_EnergyBridge_tianjin_7days/run_summary.txt,0,317.725922,45.389417,292.850918,1.221816,normalized TOU cost/kWh,/home/hku_user/work/EnergyBridge/experiments/real_data/tianjin_tou_price_normalized.csv,13.793,1.9704,1.0,1.0,3.285714,1.0,1.0,"['dishwasher', 'dryer', 'ev', 'washer', 'water_heater']",[],[],1.0,matched,household_s1_dual_commuter_standard|tianjin|7days|2025-06-01|no_dr,/home/hku_user/work/EnergyBridge/benchmark_results/2026-06-30_counterfactual_baseline/household_s1_dual_commuter_standard_no_dr_tianjin_7days/benchmark_result.json,no_dr_counterfactual_event_window_energy,7,36.5853,13.793,5.226471,1.970429,36.5853,5.226471,no_dr_counterfactual_event_window_energy,22.7923,3.256043,3.256043,1.058187,6.972422,0.590473,0.622991,3.256043,3.256043,22.7923,3.256043,3.256043,no_dr_counterfactual_baseline
household_s2_multigeneration_caregiver,household_s2_multigeneration_caregiver,mpc_dynamic,Germany,7,2025-06-01,experiments/real_data/germany_2025_price.csv,18.0,1.0,,6,completed,0,106.8,/home/hku_user/work/EnergyBridge/benchmark_results/2026-06-29_mpc_rule_roleplay_v2/household_s2_multigeneration_caregiver_mpc_dynamic_H6_germany_7days,/home/hku_user/work/EnergyBridge/benchmark_results/2026-06-29_mpc_rule_roleplay_v2/_batch_logs/household_matrix_germany_7days_H6/household_s2_multigeneration_caregiver_mpc_dynamic_H6_germany_7days.log,/home/hku_user/work/EnergyBridge/benchmark_results/2026-06-29_mpc_rule_roleplay_v2/household_s2_multigeneration_caregiver_mpc_dynamic_H6_germany_7days/run_summary.txt,0,218.388751,31.198393,23.358003,0.067793,EUR/kWh,experiments/real_data/germany_2025_price.csv,9.6525,1.3789,1.0,1.0,3.6,1.0,1.0,"['dishwasher', 'dryer', 'ev', 'washer', 'water_heater']",[],[],1.0,matched,household_s2_multigeneration_caregiver|germany|7days|2025-06-01|no_dr,/home/hku_user/work/EnergyBridge/benchmark_results/2026-06-30_counterfactual_baseline/household_s2_multigeneration_caregiver_no_dr_germany_7days/benchmark_result.json,no_dr_counterfactual_event_window_energy,7,38.7253,9.6523,5.532186,1.3789,38.7253,5.532186,no_dr_counterfactual_event_window_energy,29.073,4.153286,4.153286,1.349784,26.202734,0.818213,0.75075,4.153286,4.153286,29.073,4.153286,4.153286,no_dr_counterfactual_baseline
household_s2_multigeneration_caregiver,household_s2_multigeneration_caregiver,mpc_ep,Germany,7,2025-06-01,experiments/real_data/germany_2025_price.csv,18.0,1.0,,6,completed,0,618.4,/home/hku_user/work/EnergyBridge/benchmark_results/2026-06-29_ep_hybrid_explain_cap_v3/household_s2_multigeneration_caregiver_mpc_ep_H6_germany_7days,/home/hku_user/work/EnergyBridge/benchmark_results/2026-06-29_ep_hybrid_explain_cap_v3/_batch_logs/household_matrix_germany_7days_H6/household_s2_multigeneration_caregiver_mpc_ep_H6_germany_7days.log,/home/hku_user/work/EnergyBridge/benchmark_results/2026-06-29_ep_hybrid_explain_cap_v3/household_s2_multigeneration_caregiver_mpc_ep_H6_germany_7days/run_summary.txt,0,228.374133,32.624876,23.073646,0.066389,EUR/kWh,experiments/real_data/germany_2025_price.csv,8.6904,1.2415,1.0,1.0,4.142857,1.0,1.0,"['dishwasher', 'dryer', 'ev', 'washer', 'water_heater']",[],[],1.0,matched,household_s2_multigeneration_caregiver|germany|7days|2025-06-01|no_dr,/home/hku_user/work/EnergyBridge/benchmark_results/2026-06-30_counterfactual_baseline/household_s2_multigeneration_caregiver_no_dr_germany_7days/benchmark_result.json,no_dr_counterfactual_event_window_energy,7,38.7253,8.6901,5.532186,1.241443,38.7253,5.532186,no_dr_counterfactual_event_window_energy,30.0352,4.290743,4.290743,1.394457,27.850329,0.839066,0.775596,4.290743,4.290743,30.0352,4.290743,4.290743,no_dr_counterfactual_baseline
household_s2_multigeneration_caregiver,household_s2_multigeneration_caregiver,rule_milp,Germany,7,2025-06-01,experiments/real_data/germany_2025_price.csv,18.0,1.0,,,completed,0,106.9,/home/hku_user/work/EnergyBridge/benchmark_results/2026-06-29_mpc_rule_roleplay_v2/household_s2_multigeneration_caregiver_rule_milp_germany_7days,/home/hku_user/work/EnergyBridge/benchmark_results/2026-06-29_mpc_rule_roleplay_v2/_batch_logs/household_matrix_germany_7days_H6/household_s2_multigeneration_caregiver_rule_milp_germany_7days.log,/home/hku_user/work/EnergyBridge/benchmark_results/2026-06-29_mpc_rule_roleplay_v2/household_s2_multigeneration_caregiver_rule_milp_germany_7days/run_summary.txt,0,208.458604,29.779801,20.092984,0.059508,EUR/kWh,experiments/real_data/germany_2025_price.csv,9.6918,1.3845,1.0,1.0,2.942857,1.0,1.0,"['dishwasher', 'dryer', 'ev', 'washer', 'water_heater']",[],[],1.0,matched,household_s2_multigeneration_caregiver|germany|7days|2025-06-01|no_dr,/home/hku_user/work/EnergyBridge/benchmark_results/2026-06-30_counterfactual_baseline/household_s2_multigeneration_caregiver_no_dr_germany_7days/benchmark_result.json,no_dr_counterfactual_event_window_energy,7,38.7253,9.6916,5.532186,1.384514,38.7253,5.532186,no_dr_counterfactual_event_window_energy,29.0337,4.147671,4.147671,1.34796,37.609568,0.816607,0.749735,4.147671,4.147671,29.0337,4.147671,4.147671,no_dr_counterfactual_baseline
household_s2_multigeneration_caregiver,household_s2_multigeneration_caregiver,eb_rule_milp,Germany,7,2025-06-01,experiments/real_data/germany_2025_price.csv,18.0,1.0,,,completed,0,371.8,/home/hku_user/work/EnergyBridge/benchmark_results/2026-06-29_ep_hybrid_explain_cap_v3/household_s2_multigeneration_caregiver_eb_rule_milp_germany_7days,/home/hku_user/work/EnergyBridge/benchmark_results/2026-06-29_ep_hybrid_explain_cap_v3/_batch_logs/household_matrix_germany_7days_H6/household_s2_multigeneration_caregiver_eb_rule_milp_germany_7days.log,/home/hku_user/work/EnergyBridge/benchmark_results/2026-06-29_ep_hybrid_explain_cap_v3/household_s2_multigeneration_caregiver_eb_rule_milp_germany_7days/run_summary.txt,0,219.688182,31.384026,20.95821,0.060284,EUR/kWh,experiments/real_data/germany_2025_price.csv,10.7285,1.5326,1.0,1.0,4.657143,1.0,1.0,"['dishwasher', 'dryer', 'ev', 'washer', 'water_heater']",[],[],1.0,matched,household_s2_multigeneration_caregiver|germany|7days|2025-06-01|no_dr,/home/hku_user/work/EnergyBridge/benchmark_results/2026-06-30_counterfactual_baseline/household_s2_multigeneration_caregiver_no_dr_germany_7days/benchmark_result.json,no_dr_counterfactual_event_window_energy,7,38.7253,10.7285,5.532186,1.532643,38.7253,5.532186,no_dr_counterfactual_event_window_energy,27.9968,3.999543,3.999543,1.299819,19.711116,0.786425,0.722959,3.999543,3.999543,27.9968,3.999543,3.999543,no_dr_counterfactual_baseline
household_s2_multigeneration_caregiver,household_s2_multigeneration_caregiver,EnergyBridge,Germany,7,2025-06-01,experiments/real_data/germany_2025_price.csv,18.0,1.0,,,skipped_done,0,0.0,/home/hku_user/work/EnergyBridge/benchmark_results/2026-06-28_roleplay_v2/household_s2_multigeneration_caregiver_EnergyBridge_germany_7days,/home/hku_user/work/EnergyBridge/benchmark_results/2026-06-28_roleplay_v2/_batch_logs/household_matrix_germany_7days_H6/household_s2_multigeneration_caregiver_EnergyBridge_germany_7days.log,/home/hku_user/work/EnergyBridge/benchmark_results/2026-06-28_roleplay_v2/household_s2_multigeneration_caregiver_EnergyBridge_germany_7days/run_summary.txt,0,210.25869,30.036956,24.02475,0.07025,EUR/kWh,experiments/real_data/germany_2025_price.csv,10.8359,1.548,1.0,1.0,3.428571,1.0,1.0,"['dishwasher', 'dryer', 'ev', 'washer', 'water_heater']",[],[],1.0,matched,household_s2_multigeneration_caregiver|germany|7days|2025-06-01|no_dr,/home/hku_user/work/EnergyBridge/benchmark_results/2026-06-30_counterfactual_baseline/household_s2_multigeneration_caregiver_no_dr_germany_7days/benchmark_result.json,no_dr_counterfactual_event_window_energy,7,38.7253,10.8358,5.532186,1.547971,38.7253,5.532186,no_dr_counterfactual_event_window_energy,27.8895,3.984214,3.984214,1.294837,17.890548,0.79122,0.720188,3.984214,3.984214,27.8895,3.984214,3.984214,no_dr_counterfactual_baseline
household_s2_multigeneration_caregiver,household_s2_multigeneration_caregiver,mpc_dynamic,Tianjin,7,2025-06-01,,18.0,1.0,,6,completed,0,100.8,/home/hku_user/work/EnergyBridge/benchmark_results/2026-06-29_mpc_rule_roleplay_v2/household_s2_multigeneration_caregiver_mpc_dynamic_H6_tianjin_7days,/home/hku_user/work/EnergyBridge/benchmark_results/2026-06-29_mpc_rule_roleplay_v2/_batch_logs/household_matrix_tianjin_7days_H6/household_s2_multigeneration_caregiver_mpc_dynamic_H6_tianjin_7days.log,/home/hku_user/work/EnergyBridge/benchmark_results/2026-06-29_mpc_rule_roleplay_v2/household_s2_multigeneration_caregiver_mpc_dynamic_H6_tianjin_7days/run_summary.txt,0,284.852903,40.693272,295.070064,1.299379,normalized TOU cost/kWh,/home/hku_user/work/EnergyBridge/experiments/real_data/tianjin_tou_price_normalized.csv,7.5893,1.0842,1.0,1.0,3.742857,1.0,1.0,"['dishwasher', 'dryer', 'ev', 'washer', 'water_heater']",[],[],1.0,matched,household_s2_multigeneration_caregiver|tianjin|7days|2025-06-01|no_dr,/home/hku_user/work/EnergyBridge/benchmark_results/2026-06-30_counterfactual_baseline/household_s2_multigeneration_caregiver_no_dr_tianjin_7days/benchmark_result.json,no_dr_counterfactual_event_window_energy,7,36.9365,7.5894,5.276643,1.0842,36.9365,5.276643,no_dr_counterfactual_event_window_energy,29.3471,4.192443,4.192443,1.36251,16.160189,0.777583,0.794528,4.192443,4.192443,29.3471,4.192443,4.192443,no_dr_counterfactual_baseline
household_s2_multigeneration_caregiver,household_s2_multigeneration_caregiver,mpc_ep,Tianjin,7,2025-06-01,experiments/real_data/tianjin_tou_price_normalized.csv,18.0,1.0,,6,completed,0,468.0,/home/hku_user/work/EnergyBridge/benchmark_results/2026-06-29_ep_hybrid_explain_cap_v3/household_s2_multigeneration_caregiver_mpc_ep_H6_tianjin_7days,/home/hku_user/work/EnergyBridge/benchmark_results/2026-06-29_ep_hybrid_explain_cap_v3/_batch_logs/household_matrix_tianjin_7days_H6/household_s2_multigeneration_caregiver_mpc_ep_H6_tianjin_7days.log,/home/hku_user/work/EnergyBridge/benchmark_results/2026-06-29_ep_hybrid_explain_cap_v3/household_s2_multigeneration_caregiver_mpc_ep_H6_tianjin_7days/run_summary.txt,0,295.531026,42.218718,301.709461,1.288186,normalized TOU cost/kWh,experiments/real_data/tianjin_tou_price_normalized.csv,7.5019,1.0717,1.0,1.0,3.6,1.0,1.0,"['dishwasher', 'dryer', 'ev', 'washer', 'water_heater']",[],[],1.0,matched,household_s2_multigeneration_caregiver|tianjin|7days|2025-06-01|no_dr,/home/hku_user/work/EnergyBridge/benchmark_results/2026-06-30_counterfactual_baseline/household_s2_multigeneration_caregiver_no_dr_tianjin_7days/benchmark_result.json,no_dr_counterfactual_event_window_energy,7,36.9365,7.5018,5.276643,1.071686,36.9365,5.276643,no_dr_counterfactual_event_window_energy,29.4347,4.204957,4.204957,1.366577,12.03386,0.783908,0.7969,4.204957,4.204957,29.4347,4.204957,4.204957,no_dr_counterfactual_baseline
household_s2_multigeneration_caregiver,household_s2_multigeneration_caregiver,rule_milp,Tianjin,7,2025-06-01,,18.0,1.0,,,completed,0,91.8,/home/hku_user/work/EnergyBridge/benchmark_results/2026-06-29_mpc_rule_roleplay_v2/household_s2_multigeneration_caregiver_rule_milp_tianjin_7days,/home/hku_user/work/EnergyBridge/benchmark_results/2026-06-29_mpc_rule_roleplay_v2/_batch_logs/household_matrix_tianjin_7days_H6/household_s2_multigeneration_caregiver_rule_milp_tianjin_7days.log,/home/hku_user/work/EnergyBridge/benchmark_results/2026-06-29_mpc_rule_roleplay_v2/household_s2_multigeneration_caregiver_rule_milp_tianjin_7days/run_summary.txt,0,257.223154,36.746165,271.275906,1.162126,normalized TOU cost/kWh,/home/hku_user/work/EnergyBridge/experiments/real_data/tianjin_tou_price_normalized.csv,10.2962,1.4709,1.0,1.0,3.114286,1.0,1.0,"['dishwasher', 'dryer', 'ev', 'washer', 'water_heater']",[],[],1.0,matched,household_s2_multigeneration_caregiver|tianjin|7days|2025-06-01|no_dr,/home/hku_user/work/EnergyBridge/benchmark_results/2026-06-30_counterfactual_baseline/household_s2_multigeneration_caregiver_no_dr_tianjin_7days/benchmark_result.json,no_dr_counterfactual_event_window_energy,7,36.9365,10.2963,5.276643,1.4709,36.9365,5.276643,no_dr_counterfactual_event_window_energy,26.6402,3.805743,3.805743,1.236836,12.353993,0.683552,0.721243,3.805743,3.805743,26.6402,3.805743,3.805743,no_dr_counterfactual_baseline
household_s2_multigeneration_caregiver,household_s2_multigeneration_caregiver,eb_rule_milp,Tianjin,7,2025-06-01,experiments/real_data/tianjin_tou_price_normalized.csv,18.0,1.0,,,completed,0,384.7,/home/hku_user/work/EnergyBridge/benchmark_results/2026-06-29_ep_hybrid_explain_cap_v3/household_s2_multigeneration_caregiver_eb_rule_milp_tianjin_7days,/home/hku_user/work/EnergyBridge/benchmark_results/2026-06-29_ep_hybrid_explain_cap_v3/_batch_logs/household_matrix_tianjin_7days_H6/household_s2_multigeneration_caregiver_eb_rule_milp_tianjin_7days.log,/home/hku_user/work/EnergyBridge/benchmark_results/2026-06-29_ep_hybrid_explain_cap_v3/household_s2_multigeneration_caregiver_eb_rule_milp_tianjin_7days/run_summary.txt,0,307.36158,43.908797,326.143803,1.179362,normalized TOU cost/kWh,experiments/real_data/tianjin_tou_price_normalized.csv,10.3729,1.4818,1.0,1.0,4.2,1.0,1.0,"['dishwasher', 'dryer', 'ev', 'washer', 'water_heater']",[],[],1.0,matched,household_s2_multigeneration_caregiver|tianjin|7days|2025-06-01|no_dr,/home/hku_user/work/EnergyBridge/benchmark_results/2026-06-30_counterfactual_baseline/household_s2_multigeneration_caregiver_no_dr_tianjin_7days/benchmark_result.json,no_dr_counterfactual_event_window_energy,7,36.9365,10.373,5.276643,1.481857,36.9365,5.276643,no_dr_counterfactual_event_window_energy,26.5635,3.794786,3.794786,1.233275,7.307999,0.695754,0.719167,3.794786,3.794786,26.5635,3.794786,3.794786,no_dr_counterfactual_baseline
household_s2_multigeneration_caregiver,household_s2_multigeneration_caregiver,EnergyBridge,Tianjin,7,2025-06-01,,18.0,1.0,,,completed,0,0.0,/home/hku_user/work/EnergyBridge/benchmark_results/2026-06-29_ev_service_fix/household_s2_multigeneration_caregiver_EnergyBridge_tianjin_7days,/home/hku_user/work/EnergyBridge/benchmark_results/2026-06-29_ev_service_fix/_batch_logs/household_matrix_tianjin_7days_H6/household_s2_multigeneration_caregiver_EnergyBridge_tianjin_7days.log,/home/hku_user/work/EnergyBridge/benchmark_results/2026-06-29_ev_service_fix/household_s2_multigeneration_caregiver_EnergyBridge_tianjin_7days/run_summary.txt,0,312.1677548945075,44.59539355635821,344.970897,1.332732,normalized TOU cost/kWh,/home/hku_user/work/EnergyBridge/experiments/real_data/tianjin_tou_price_normalized.csv,10.6715,1.5245,1.0,1.0,3.9714285714285715,1.0,1.0,"['dishwasher', 'dryer', 'ev', 'washer', 'water_heater']",[],[],1.0,matched,household_s2_multigeneration_caregiver|tianjin|7days|2025-06-01|no_dr,/home/hku_user/work/EnergyBridge/benchmark_results/2026-06-30_counterfactual_baseline/household_s2_multigeneration_caregiver_no_dr_tianjin_7days/benchmark_result.json,no_dr_counterfactual_event_window_energy,7,36.9365,10.6715,5.276643,1.5245,36.9365,5.276643,no_dr_counterfactual_event_window_energy,26.265,3.752143,3.752143,1.219416,7.115979,0.68445,0.711085,3.752143,3.752143,26.265,3.752143,3.752143,no_dr_counterfactual_baseline
household_s3_hybrid_work_from_home,household_s3_hybrid_work_from_home,mpc_dynamic,Germany,7,2025-06-01,experiments/real_data/germany_2025_price.csv,18.0,1.0,,6,completed,0,66.0,/home/hku_user/work/EnergyBridge/benchmark_results/2026-06-29_mpc_rule_roleplay_v2/household_s3_hybrid_work_from_home_mpc_dynamic_H6_germany_7days,/home/hku_user/work/EnergyBridge/benchmark_results/2026-06-29_mpc_rule_roleplay_v2/_batch_logs/household_matrix_germany_7days_H6/household_s3_hybrid_work_from_home_mpc_dynamic_H6_germany_7days.log,/home/hku_user/work/EnergyBridge/benchmark_results/2026-06-29_mpc_rule_roleplay_v2/household_s3_hybrid_work_from_home_mpc_dynamic_H6_germany_7days/run_summary.txt,0,225.26534,32.180763,25.096744,0.070426,EUR/kWh,experiments/real_data/germany_2025_price.csv,9.3505,1.3358,1.0,1.0,3.095143,1.0,1.0,"['dishwasher', 'dryer', 'ev', 'washer', 'water_heater']",[],[],1.0,matched,household_s3_hybrid_work_from_home|germany|7days|2025-06-01|no_dr,/home/hku_user/work/EnergyBridge/benchmark_results/2026-06-30_counterfactual_baseline/household_s3_hybrid_work_from_home_no_dr_germany_7days/benchmark_result.json,no_dr_counterfactual_event_window_energy,7,38.536,9.3503,5.505143,1.335757,38.536,5.505143,no_dr_counterfactual_event_window_energy,29.1857,4.169386,4.169386,1.355016,14.467024,0.82335,0.757362,4.169386,4.169386,29.1857,4.169386,4.169386,no_dr_counterfactual_baseline
household_s3_hybrid_work_from_home,household_s3_hybrid_work_from_home,mpc_ep,Germany,7,2025-06-01,experiments/real_data/germany_2025_price.csv,18.0,1.0,,6,completed,0,553.3,/home/hku_user/work/EnergyBridge/benchmark_results/2026-06-29_ep_hybrid_explain_cap_v3/household_s3_hybrid_work_from_home_mpc_ep_H6_germany_7days,/home/hku_user/work/EnergyBridge/benchmark_results/2026-06-29_ep_hybrid_explain_cap_v3/_batch_logs/household_matrix_germany_7days_H6/household_s3_hybrid_work_from_home_mpc_ep_H6_germany_7days.log,/home/hku_user/work/EnergyBridge/benchmark_results/2026-06-29_ep_hybrid_explain_cap_v3/household_s3_hybrid_work_from_home_mpc_ep_H6_germany_7days/run_summary.txt,0,236.123107,33.731872,24.880858,0.069149,EUR/kWh,experiments/real_data/germany_2025_price.csv,8.5544,1.2221,1.0,1.0,3.380714,1.0,1.0,"['dishwasher', 'dryer', 'ev', 'washer', 'water_heater']",[],[],1.0,matched,household_s3_hybrid_work_from_home|germany|7days|2025-06-01|no_dr,/home/hku_user/work/EnergyBridge/benchmark_results/2026-06-30_counterfactual_baseline/household_s3_hybrid_work_from_home_no_dr_germany_7days/benchmark_result.json,no_dr_counterfactual_event_window_energy,7,38.536,8.5542,5.505143,1.222029,38.536,5.505143,no_dr_counterfactual_event_window_energy,29.9818,4.283114,4.283114,1.391977,15.153238,0.841031,0.778021,4.283114,4.283114,29.9818,4.283114,4.283114,no_dr_counterfactual_baseline
household_s3_hybrid_work_from_home,household_s3_hybrid_work_from_home,rule_milp,Germany,7,2025-06-01,experiments/real_data/germany_2025_price.csv,18.0,1.0,,,completed,0,69.9,/home/hku_user/work/EnergyBridge/benchmark_results/2026-06-29_mpc_rule_roleplay_v2/household_s3_hybrid_work_from_home_rule_milp_germany_7days,/home/hku_user/work/EnergyBridge/benchmark_results/2026-06-29_mpc_rule_roleplay_v2/_batch_logs/household_matrix_germany_7days_H6/household_s3_hybrid_work_from_home_rule_milp_germany_7days.log,/home/hku_user/work/EnergyBridge/benchmark_results/2026-06-29_mpc_rule_roleplay_v2/household_s3_hybrid_work_from_home_rule_milp_germany_7days/run_summary.txt,0,222.046205,31.720886,21.209665,0.060809,EUR/kWh,experiments/real_data/germany_2025_price.csv,9.5092,1.3585,1.0,1.0,3.095143,1.0,1.0,"['dishwasher', 'dryer', 'ev', 'washer', 'water_heater']",[],[],1.0,matched,household_s3_hybrid_work_from_home|germany|7days|2025-06-01|no_dr,/home/hku_user/work/EnergyBridge/benchmark_results/2026-06-30_counterfactual_baseline/household_s3_hybrid_work_from_home_no_dr_germany_7days/benchmark_result.json,no_dr_counterfactual_event_window_energy,7,38.536,9.509,5.505143,1.358429,38.536,5.505143,no_dr_counterfactual_event_window_energy,29.027,4.146714,4.146714,1.347648,46.117451,0.820188,0.753244,4.146714,4.146714,29.027,4.146714,4.146714,no_dr_counterfactual_baseline
household_s3_hybrid_work_from_home,household_s3_hybrid_work_from_home,eb_rule_milp,Germany,7,2025-06-01,experiments/real_data/germany_2025_price.csv,18.0,1.0,,,completed,0,297.4,/home/hku_user/work/EnergyBridge/benchmark_results/2026-06-29_ep_hybrid_explain_cap_v3/household_s3_hybrid_work_from_home_eb_rule_milp_germany_7days,/home/hku_user/work/EnergyBridge/benchmark_results/2026-06-29_ep_hybrid_explain_cap_v3/_batch_logs/household_matrix_germany_7days_H6/household_s3_hybrid_work_from_home_eb_rule_milp_germany_7days.log,/home/hku_user/work/EnergyBridge/benchmark_results/2026-06-29_ep_hybrid_explain_cap_v3/household_s3_hybrid_work_from_home_eb_rule_milp_germany_7days/run_summary.txt,0,230.373874,32.910553,21.648953,0.060933,EUR/kWh,experiments/real_data/germany_2025_price.csv,10.1965,1.4566,1.0,1.0,4.0,1.0,1.0,"['dishwasher', 'dryer', 'ev', 'washer', 'water_heater']",[],[],1.0,matched,household_s3_hybrid_work_from_home|germany|7days|2025-06-01|no_dr,/home/hku_user/work/EnergyBridge/benchmark_results/2026-06-30_counterfactual_baseline/household_s3_hybrid_work_from_home_no_dr_germany_7days/benchmark_result.json,no_dr_counterfactual_event_window_energy,7,38.536,10.1964,5.505143,1.456629,38.536,5.505143,no_dr_counterfactual_event_window_energy,28.3396,4.048514,4.048514,1.315734,24.809742,0.803336,0.735406,4.048514,4.048514,28.3396,4.048514,4.048514,no_dr_counterfactual_baseline
household_s3_hybrid_work_from_home,household_s3_hybrid_work_from_home,EnergyBridge,Germany,7,2025-06-01,experiments/real_data/germany_2025_price.csv,18.0,1.0,,,skipped_done,0,0.0,/home/hku_user/work/EnergyBridge/benchmark_results/2026-06-28_roleplay_v2/household_s3_hybrid_work_from_home_EnergyBridge_germany_7days,/home/hku_user/work/EnergyBridge/benchmark_results/2026-06-28_roleplay_v2/_batch_logs/household_matrix_germany_7days_H6/household_s3_hybrid_work_from_home_EnergyBridge_germany_7days.log,/home/hku_user/work/EnergyBridge/benchmark_results/2026-06-28_roleplay_v2/household_s3_hybrid_work_from_home_EnergyBridge_germany_7days/run_summary.txt,0,229.057284,32.722469,25.947806,0.073047,EUR/kWh,experiments/real_data/germany_2025_price.csv,10.6407,1.5201,1.0,1.0,2.809571,1.0,1.0,"['dishwasher', 'dryer', 'ev', 'washer', 'water_heater']",[],[],1.0,matched,household_s3_hybrid_work_from_home|germany|7days|2025-06-01|no_dr,/home/hku_user/work/EnergyBridge/benchmark_results/2026-06-30_counterfactual_baseline/household_s3_hybrid_work_from_home_no_dr_germany_7days/benchmark_result.json,no_dr_counterfactual_event_window_energy,7,38.536,10.6407,5.505143,1.5201,38.536,5.505143,no_dr_counterfactual_event_window_energy,27.8953,3.985043,3.985043,1.295107,27.566393,0.788956,0.723876,3.985043,3.985043,27.8953,3.985043,3.985043,no_dr_counterfactual_baseline
household_s3_hybrid_work_from_home,household_s3_hybrid_work_from_home,mpc_dynamic,Tianjin,7,2025-06-01,,18.0,1.0,,6,completed,0,60.5,/home/hku_user/work/EnergyBridge/benchmark_results/2026-06-29_mpc_rule_roleplay_v2/household_s3_hybrid_work_from_home_mpc_dynamic_H6_tianjin_7days,/home/hku_user/work/EnergyBridge/benchmark_results/2026-06-29_mpc_rule_roleplay_v2/_batch_logs/household_matrix_tianjin_7days_H6/household_s3_hybrid_work_from_home_mpc_dynamic_H6_tianjin_7days.log,/home/hku_user/work/EnergyBridge/benchmark_results/2026-06-29_mpc_rule_roleplay_v2/household_s3_hybrid_work_from_home_mpc_dynamic_H6_tianjin_7days/run_summary.txt,0,274.471897,39.210271,302.095454,1.332587,normalized TOU cost/kWh,/home/hku_user/work/EnergyBridge/experiments/real_data/tianjin_tou_price_normalized.csv,6.5849,0.9407,1.0,1.0,3.047571,1.0,1.0,"['dishwasher', 'dryer', 'ev', 'washer', 'water_heater']",[],[],1.0,matched,household_s3_hybrid_work_from_home|tianjin|7days|2025-06-01|no_dr,/home/hku_user/work/EnergyBridge/benchmark_results/2026-06-30_counterfactual_baseline/household_s3_hybrid_work_from_home_no_dr_tianjin_7days/benchmark_result.json,no_dr_counterfactual_event_window_energy,7,36.6048,6.585,5.229257,0.940714,36.6048,5.229257,no_dr_counterfactual_event_window_energy,30.0198,4.288543,4.288543,1.393742,12.690978,0.810466,0.820106,4.288543,4.288543,30.0198,4.288543,4.288543,no_dr_counterfactual_baseline
household_s3_hybrid_work_from_home,household_s3_hybrid_work_from_home,mpc_ep,Tianjin,7,2025-06-01,experiments/real_data/tianjin_tou_price_normalized.csv,18.0,1.0,,6,completed,0,411.5,/home/hku_user/work/EnergyBridge/benchmark_results/2026-06-29_ep_hybrid_explain_cap_v3/household_s3_hybrid_work_from_home_mpc_ep_H6_tianjin_7days,/home/hku_user/work/EnergyBridge/benchmark_results/2026-06-29_ep_hybrid_explain_cap_v3/_batch_logs/household_matrix_tianjin_7days_H6/household_s3_hybrid_work_from_home_mpc_ep_H6_tianjin_7days.log,/home/hku_user/work/EnergyBridge/benchmark_results/2026-06-29_ep_hybrid_explain_cap_v3/household_s3_hybrid_work_from_home_mpc_ep_H6_tianjin_7days/run_summary.txt,0,294.303738,42.043391,308.630288,1.310218,normalized TOU cost/kWh,experiments/real_data/tianjin_tou_price_normalized.csv,6.1794,0.8828,1.0,1.0,3.428714,1.0,1.0,"['dishwasher', 'dryer', 'ev', 'washer', 'water_heater']",[],[],1.0,matched,household_s3_hybrid_work_from_home|tianjin|7days|2025-06-01|no_dr,/home/hku_user/work/EnergyBridge/benchmark_results/2026-06-30_counterfactual_baseline/household_s3_hybrid_work_from_home_no_dr_tianjin_7days/benchmark_result.json,no_dr_counterfactual_event_window_energy,7,36.6048,6.1795,5.229257,0.882786,36.6048,5.229257,no_dr_counterfactual_event_window_energy,30.4253,4.346471,4.346471,1.412568,11.274886,0.823997,0.831183,4.346471,4.346471,30.4253,4.346471,4.346471,no_dr_counterfactual_baseline
household_s3_hybrid_work_from_home,household_s3_hybrid_work_from_home,rule_milp,Tianjin,7,2025-06-01,,18.0,1.0,,,completed,0,61.2,/home/hku_user/work/EnergyBridge/benchmark_results/2026-06-29_mpc_rule_roleplay_v2/household_s3_hybrid_work_from_home_rule_milp_tianjin_7days,/home/hku_user/work/EnergyBridge/benchmark_results/2026-06-29_mpc_rule_roleplay_v2/_batch_logs/household_matrix_tianjin_7days_H6/household_s3_hybrid_work_from_home_rule_milp_tianjin_7days.log,/home/hku_user/work/EnergyBridge/benchmark_results/2026-06-29_mpc_rule_roleplay_v2/household_s3_hybrid_work_from_home_rule_milp_tianjin_7days/run_summary.txt,0,243.262757,34.751822,277.888143,1.238358,normalized TOU cost/kWh,/home/hku_user/work/EnergyBridge/experiments/real_data/tianjin_tou_price_normalized.csv,9.6673,1.381,1.0,1.0,3.047429,1.0,1.0,"['dishwasher', 'dryer', 'ev', 'washer', 'water_heater']",[],[],1.0,matched,household_s3_hybrid_work_from_home|tianjin|7days|2025-06-01|no_dr,/home/hku_user/work/EnergyBridge/benchmark_results/2026-06-30_counterfactual_baseline/household_s3_hybrid_work_from_home_no_dr_tianjin_7days/benchmark_result.json,no_dr_counterfactual_event_window_energy,7,36.6048,9.6672,5.229257,1.381029,36.6048,5.229257,no_dr_counterfactual_event_window_energy,26.9376,3.848229,3.848229,1.250643,18.802454,0.708533,0.735903,3.848229,3.848229,26.9376,3.848229,3.848229,no_dr_counterfactual_baseline
household_s3_hybrid_work_from_home,household_s3_hybrid_work_from_home,eb_rule_milp,Tianjin,7,2025-06-01,experiments/real_data/tianjin_tou_price_normalized.csv,18.0,1.0,,,completed,0,318.3,/home/hku_user/work/EnergyBridge/benchmark_results/2026-06-29_ep_hybrid_explain_cap_v3/household_s3_hybrid_work_from_home_eb_rule_milp_tianjin_7days,/home/hku_user/work/EnergyBridge/benchmark_results/2026-06-29_ep_hybrid_explain_cap_v3/_batch_logs/household_matrix_tianjin_7days_H6/household_s3_hybrid_work_from_home_eb_rule_milp_tianjin_7days.log,/home/hku_user/work/EnergyBridge/benchmark_results/2026-06-29_ep_hybrid_explain_cap_v3/household_s3_hybrid_work_from_home_eb_rule_milp_tianjin_7days/run_summary.txt,0,299.154142,42.736306,324.499768,1.211344,normalized TOU cost/kWh,experiments/real_data/tianjin_tou_price_normalized.csv,12.6853,1.8122,1.0,1.0,4.333571,1.0,1.0,"['dishwasher', 'dryer', 'ev', 'washer', 'water_heater']",[],[],1.0,matched,household_s3_hybrid_work_from_home|tianjin|7days|2025-06-01|no_dr,/home/hku_user/work/EnergyBridge/benchmark_results/2026-06-30_counterfactual_baseline/household_s3_hybrid_work_from_home_no_dr_tianjin_7days/benchmark_result.json,no_dr_counterfactual_event_window_energy,7,36.6048,12.6854,5.229257,1.8122,36.6048,5.229257,no_dr_counterfactual_event_window_energy,23.9194,3.417057,3.417057,1.110516,5.313008,0.617227,0.65345,3.417057,3.417057,23.9194,3.417057,3.417057,no_dr_counterfactual_baseline
household_s3_hybrid_work_from_home,household_s3_hybrid_work_from_home,EnergyBridge,Tianjin,7,2025-06-01,,18.0,1.0,,,completed,0,0.0,/home/hku_user/work/EnergyBridge/benchmark_results/2026-06-29_ev_service_fix/household_s3_hybrid_work_from_home_EnergyBridge_tianjin_7days,/home/hku_user/work/EnergyBridge/benchmark_results/2026-06-29_ev_service_fix/_batch_logs/household_matrix_tianjin_7days_H6/household_s3_hybrid_work_from_home_EnergyBridge_tianjin_7days.log,/home/hku_user/work/EnergyBridge/benchmark_results/2026-06-29_ev_service_fix/household_s3_hybrid_work_from_home_EnergyBridge_tianjin_7days/run_summary.txt,0,316.1656772838595,45.16652532626564,362.277705,1.34591,normalized TOU cost/kWh,/home/hku_user/work/EnergyBridge/experiments/real_data/tianjin_tou_price_normalized.csv,12.8677,1.8382,1.0,1.0,4.0,1.0,1.0,"['dishwasher', 'dryer', 'ev', 'washer', 'water_heater']",[],[],1.0,matched,household_s3_hybrid_work_from_home|tianjin|7days|2025-06-01|no_dr,/home/hku_user/work/EnergyBridge/benchmark_results/2026-06-30_counterfactual_baseline/household_s3_hybrid_work_from_home_no_dr_tianjin_7days/benchmark_result.json,no_dr_counterfactual_event_window_energy,7,36.6048,12.8677,5.229257,1.838243,36.6048,5.229257,no_dr_counterfactual_event_window_energy,23.7371,3.391014,3.391014,1.102052,6.407982,0.612079,0.64847,3.391014,3.391014,23.7371,3.391014,3.391014,no_dr_counterfactual_baseline
household_s4_ev_commuter_flexible,household_s4_ev_commuter_flexible,mpc_dynamic,Germany,7,2025-06-01,experiments/real_data/germany_2025_price.csv,18.0,1.0,,6,completed,0,82.1,/home/hku_user/work/EnergyBridge/benchmark_results/2026-06-29_mpc_rule_roleplay_v2/household_s4_ev_commuter_flexible_mpc_dynamic_H6_germany_7days,/home/hku_user/work/EnergyBridge/benchmark_results/2026-06-29_mpc_rule_roleplay_v2/_batch_logs/household_matrix_germany_7days_H6/household_s4_ev_commuter_flexible_mpc_dynamic_H6_germany_7days.log,/home/hku_user/work/EnergyBridge/benchmark_results/2026-06-29_mpc_rule_roleplay_v2/household_s4_ev_commuter_flexible_mpc_dynamic_H6_germany_7days/run_summary.txt,0,249.79328,35.684754,27.425598,0.072918,EUR/kWh,experiments/real_data/germany_2025_price.csv,10.0326,1.4332,1.0,1.0,4.107143,1.0,1.0,"['dishwasher', 'dryer', 'ev', 'washer', 'water_heater']",[],[],1.0,matched,household_s4_ev_commuter_flexible|germany|7days|2025-06-01|no_dr,/home/hku_user/work/EnergyBridge/benchmark_results/2026-06-30_counterfactual_baseline/household_s4_ev_commuter_flexible_no_dr_germany_7days/benchmark_result.json,no_dr_counterfactual_event_window_energy,7,38.4208,10.0323,5.488686,1.433186,38.4208,5.488686,no_dr_counterfactual_event_window_energy,28.3885,4.0555,4.0555,1.318005,14.837799,0.804549,0.738884,4.0555,4.0555,28.3885,4.0555,4.0555,no_dr_counterfactual_baseline
household_s4_ev_commuter_flexible,household_s4_ev_commuter_flexible,mpc_ep,Germany,7,2025-06-01,experiments/real_data/germany_2025_price.csv,18.0,1.0,,6,completed,0,553.9,/home/hku_user/work/EnergyBridge/benchmark_results/2026-06-29_ep_hybrid_explain_cap_v3/household_s4_ev_commuter_flexible_mpc_ep_H6_germany_7days,/home/hku_user/work/EnergyBridge/benchmark_results/2026-06-29_ep_hybrid_explain_cap_v3/_batch_logs/household_matrix_germany_7days_H6/household_s4_ev_commuter_flexible_mpc_ep_H6_germany_7days.log,/home/hku_user/work/EnergyBridge/benchmark_results/2026-06-29_ep_hybrid_explain_cap_v3/household_s4_ev_commuter_flexible_mpc_ep_H6_germany_7days/run_summary.txt,0,259.666026,37.095147,27.226556,0.072117,EUR/kWh,experiments/real_data/germany_2025_price.csv,9.378,1.3397,1.0,1.0,4.0,1.0,1.0,"['dishwasher', 'dryer', 'ev', 'washer', 'water_heater']",[],[],1.0,matched,household_s4_ev_commuter_flexible|germany|7days|2025-06-01|no_dr,/home/hku_user/work/EnergyBridge/benchmark_results/2026-06-30_counterfactual_baseline/household_s4_ev_commuter_flexible_no_dr_germany_7days/benchmark_result.json,no_dr_counterfactual_event_window_energy,7,38.4208,9.3778,5.488686,1.339686,38.4208,5.488686,no_dr_counterfactual_event_window_energy,29.043,4.149,4.149,1.348391,15.89171,0.8177,0.755919,4.149,4.149,29.043,4.149,4.149,no_dr_counterfactual_baseline
household_s4_ev_commuter_flexible,household_s4_ev_commuter_flexible,rule_milp,Germany,7,2025-06-01,experiments/real_data/germany_2025_price.csv,18.0,1.0,,,completed,0,88.6,/home/hku_user/work/EnergyBridge/benchmark_results/2026-06-29_mpc_rule_roleplay_v2/household_s4_ev_commuter_flexible_rule_milp_germany_7days,/home/hku_user/work/EnergyBridge/benchmark_results/2026-06-29_mpc_rule_roleplay_v2/_batch_logs/household_matrix_germany_7days_H6/household_s4_ev_commuter_flexible_rule_milp_germany_7days.log,/home/hku_user/work/EnergyBridge/benchmark_results/2026-06-29_mpc_rule_roleplay_v2/household_s4_ev_commuter_flexible_rule_milp_germany_7days/run_summary.txt,0,249.202462,35.600352,24.08303,0.064498,EUR/kWh,experiments/real_data/germany_2025_price.csv,9.9299,1.4186,1.0,1.0,4.035714,1.0,1.0,"['dishwasher', 'dryer', 'ev', 'washer', 'water_heater']",[],[],1.0,matched,household_s4_ev_commuter_flexible|germany|7days|2025-06-01|no_dr,/home/hku_user/work/EnergyBridge/benchmark_results/2026-06-30_counterfactual_baseline/household_s4_ev_commuter_flexible_no_dr_germany_7days/benchmark_result.json,no_dr_counterfactual_event_window_energy,7,38.4208,9.9297,5.488686,1.418529,38.4208,5.488686,no_dr_counterfactual_event_window_energy,28.4911,4.070157,4.070157,1.322768,49.785347,0.808167,0.741554,4.070157,4.070157,28.4911,4.070157,4.070157,no_dr_counterfactual_baseline
household_s4_ev_commuter_flexible,household_s4_ev_commuter_flexible,eb_rule_milp,Germany,7,2025-06-01,experiments/real_data/germany_2025_price.csv,18.0,1.0,,,completed,0,416.9,/home/hku_user/work/EnergyBridge/benchmark_results/2026-06-29_ep_hybrid_explain_cap_v3/household_s4_ev_commuter_flexible_eb_rule_milp_germany_7days,/home/hku_user/work/EnergyBridge/benchmark_results/2026-06-29_ep_hybrid_explain_cap_v3/_batch_logs/household_matrix_germany_7days_H6/household_s4_ev_commuter_flexible_eb_rule_milp_germany_7days.log,/home/hku_user/work/EnergyBridge/benchmark_results/2026-06-29_ep_hybrid_explain_cap_v3/household_s4_ev_commuter_flexible_eb_rule_milp_germany_7days/run_summary.txt,0,258.438663,36.919809,25.260843,0.066583,EUR/kWh,experiments/real_data/germany_2025_price.csv,10.8131,1.5447,1.0,1.0,4.535714,1.0,1.0,"['dishwasher', 'dryer', 'ev', 'washer', 'water_heater']",[],[],1.0,matched,household_s4_ev_commuter_flexible|germany|7days|2025-06-01|no_dr,/home/hku_user/work/EnergyBridge/benchmark_results/2026-06-30_counterfactual_baseline/household_s4_ev_commuter_flexible_no_dr_germany_7days/benchmark_result.json,no_dr_counterfactual_event_window_energy,7,38.4208,10.8129,5.488686,1.5447,38.4208,5.488686,no_dr_counterfactual_event_window_energy,27.6079,3.943986,3.943986,1.281763,24.265741,0.783987,0.718567,3.943986,3.943986,27.6079,3.943986,3.943986,no_dr_counterfactual_baseline
household_s4_ev_commuter_flexible,household_s4_ev_commuter_flexible,EnergyBridge,Germany,7,2025-06-01,experiments/real_data/germany_2025_price.csv,18.0,1.0,,,completed,0,333.9,/home/hku_user/work/EnergyBridge/benchmark_results/2026-06-28_roleplay_v2/household_s4_ev_commuter_flexible_EnergyBridge_germany_7days,/home/hku_user/work/EnergyBridge/benchmark_results/2026-06-28_roleplay_v2/_batch_logs/household_matrix_germany_7days_H6/household_s4_ev_commuter_flexible_EnergyBridge_germany_7days.log,/home/hku_user/work/EnergyBridge/benchmark_results/2026-06-28_roleplay_v2/household_s4_ev_commuter_flexible_EnergyBridge_germany_7days/run_summary.txt,0,247.89977,35.414253,26.510755,0.071706,EUR/kWh,experiments/real_data/germany_2025_price.csv,11.725,1.675,1.0,1.0,2.5,1.0,1.0,"['dishwasher', 'dryer', 'ev', 'washer', 'water_heater']",[],[],1.0,matched,household_s4_ev_commuter_flexible|germany|7days|2025-06-01|no_dr,/home/hku_user/work/EnergyBridge/benchmark_results/2026-06-30_counterfactual_baseline/household_s4_ev_commuter_flexible_no_dr_germany_7days/benchmark_result.json,no_dr_counterfactual_event_window_energy,7,38.4208,11.7249,5.488686,1.674986,38.4208,5.488686,no_dr_counterfactual_event_window_energy,26.6959,3.8137,3.8137,1.239422,27.212728,0.75355,0.694829,3.8137,3.8137,26.6959,3.8137,3.8137,no_dr_counterfactual_baseline
household_s4_ev_commuter_flexible,household_s4_ev_commuter_flexible,mpc_dynamic,Tianjin,7,2025-06-01,,18.0,1.0,,6,completed,0,84.7,/home/hku_user/work/EnergyBridge/benchmark_results/2026-06-29_mpc_rule_roleplay_v2/household_s4_ev_commuter_flexible_mpc_dynamic_H6_tianjin_7days,/home/hku_user/work/EnergyBridge/benchmark_results/2026-06-29_mpc_rule_roleplay_v2/_batch_logs/household_matrix_tianjin_7days_H6/household_s4_ev_commuter_flexible_mpc_dynamic_H6_tianjin_7days.log,/home/hku_user/work/EnergyBridge/benchmark_results/2026-06-29_mpc_rule_roleplay_v2/household_s4_ev_commuter_flexible_mpc_dynamic_H6_tianjin_7days/run_summary.txt,0,291.674713,41.667816,311.828822,1.365723,normalized TOU cost/kWh,/home/hku_user/work/EnergyBridge/experiments/real_data/tianjin_tou_price_normalized.csv,8.9677,1.2811,1.0,1.0,3.857143,1.0,1.0,"['dishwasher', 'dryer', 'ev', 'washer', 'water_heater']",[],[],1.0,matched,household_s4_ev_commuter_flexible|tianjin|7days|2025-06-01|no_dr,/home/hku_user/work/EnergyBridge/benchmark_results/2026-06-30_counterfactual_baseline/household_s4_ev_commuter_flexible_no_dr_tianjin_7days/benchmark_result.json,no_dr_counterfactual_event_window_energy,7,36.5853,8.9676,5.226471,1.281086,36.5853,5.226471,no_dr_counterfactual_event_window_energy,27.6177,3.945386,3.945386,1.282218,12.853165,0.748393,0.754885,3.945386,3.945386,27.6177,3.945386,3.945386,no_dr_counterfactual_baseline
household_s4_ev_commuter_flexible,household_s4_ev_commuter_flexible,mpc_ep,Tianjin,7,2025-06-01,experiments/real_data/tianjin_tou_price_normalized.csv,18.0,1.0,,6,completed,0,431.3,/home/hku_user/work/EnergyBridge/benchmark_results/2026-06-29_ep_hybrid_explain_cap_v3/household_s4_ev_commuter_flexible_mpc_ep_H6_tianjin_7days,/home/hku_user/work/EnergyBridge/benchmark_results/2026-06-29_ep_hybrid_explain_cap_v3/_batch_logs/household_matrix_tianjin_7days_H6/household_s4_ev_commuter_flexible_mpc_ep_H6_tianjin_7days.log,/home/hku_user/work/EnergyBridge/benchmark_results/2026-06-29_ep_hybrid_explain_cap_v3/household_s4_ev_commuter_flexible_mpc_ep_H6_tianjin_7days/run_summary.txt,0,306.225542,43.746506,317.854249,1.352044,normalized TOU cost/kWh,experiments/real_data/tianjin_tou_price_normalized.csv,9.0207,1.2887,1.0,1.0,4.214286,1.0,1.0,"['dishwasher', 'dryer', 'ev', 'washer', 'water_heater']",[],[],1.0,matched,household_s4_ev_commuter_flexible|tianjin|7days|2025-06-01|no_dr,/home/hku_user/work/EnergyBridge/benchmark_results/2026-06-30_counterfactual_baseline/household_s4_ev_commuter_flexible_no_dr_tianjin_7days/benchmark_result.json,no_dr_counterfactual_event_window_energy,7,36.5853,9.0207,5.226471,1.288671,36.5853,5.226471,no_dr_counterfactual_event_window_energy,27.5646,3.9378,3.9378,1.279753,11.613118,0.751471,0.753434,3.9378,3.9378,27.5646,3.9378,3.9378,no_dr_counterfactual_baseline
household_s4_ev_commuter_flexible,household_s4_ev_commuter_flexible,rule_milp,Tianjin,7,2025-06-01,,18.0,1.0,,,completed,0,80.0,/home/hku_user/work/EnergyBridge/benchmark_results/2026-06-29_mpc_rule_roleplay_v2/household_s4_ev_commuter_flexible_rule_milp_tianjin_7days,/home/hku_user/work/EnergyBridge/benchmark_results/2026-06-29_mpc_rule_roleplay_v2/_batch_logs/household_matrix_tianjin_7days_H6/household_s4_ev_commuter_flexible_rule_milp_tianjin_7days.log,/home/hku_user/work/EnergyBridge/benchmark_results/2026-06-29_mpc_rule_roleplay_v2/household_s4_ev_commuter_flexible_rule_milp_tianjin_7days/run_summary.txt,0,271.944154,38.849165,285.657102,1.251311,normalized TOU cost/kWh,/home/hku_user/work/EnergyBridge/experiments/real_data/tianjin_tou_price_normalized.csv,11.5854,1.6551,1.0,1.0,3.285714,1.0,1.0,"['dishwasher', 'dryer', 'ev', 'washer', 'water_heater']",[],[],1.0,matched,household_s4_ev_commuter_flexible|tianjin|7days|2025-06-01|no_dr,/home/hku_user/work/EnergyBridge/benchmark_results/2026-06-30_counterfactual_baseline/household_s4_ev_commuter_flexible_no_dr_tianjin_7days/benchmark_result.json,no_dr_counterfactual_event_window_energy,7,36.5853,11.5854,5.226471,1.655057,36.5853,5.226471,no_dr_counterfactual_event_window_energy,24.9999,3.571414,3.571414,1.160681,31.012757,0.685185,0.683332,3.571414,3.571414,24.9999,3.571414,3.571414,no_dr_counterfactual_baseline
household_s4_ev_commuter_flexible,household_s4_ev_commuter_flexible,eb_rule_milp,Tianjin,7,2025-06-01,experiments/real_data/tianjin_tou_price_normalized.csv,18.0,1.0,,,completed,0,377.9,/home/hku_user/work/EnergyBridge/benchmark_results/2026-06-29_ep_hybrid_explain_cap_v3/household_s4_ev_commuter_flexible_eb_rule_milp_tianjin_7days,/home/hku_user/work/EnergyBridge/benchmark_results/2026-06-29_ep_hybrid_explain_cap_v3/_batch_logs/household_matrix_tianjin_7days_H6/household_s4_ev_commuter_flexible_eb_rule_milp_tianjin_7days.log,/home/hku_user/work/EnergyBridge/benchmark_results/2026-06-29_ep_hybrid_explain_cap_v3/household_s4_ev_commuter_flexible_eb_rule_milp_tianjin_7days/run_summary.txt,0,308.087777,44.01254,334.336095,1.289793,normalized TOU cost/kWh,experiments/real_data/tianjin_tou_price_normalized.csv,15.5723,2.2246,1.0,1.0,4.107143,1.0,1.0,"['dishwasher', 'dryer', 'ev', 'washer', 'water_heater']",[],[],1.0,matched,household_s4_ev_commuter_flexible|tianjin|7days|2025-06-01|no_dr,/home/hku_user/work/EnergyBridge/benchmark_results/2026-06-30_counterfactual_baseline/household_s4_ev_commuter_flexible_no_dr_tianjin_7days/benchmark_result.json,no_dr_counterfactual_event_window_energy,7,36.5853,15.5722,5.226471,2.2246,36.5853,5.226471,no_dr_counterfactual_event_window_energy,21.0131,3.001871,3.001871,0.975584,4.416156,0.542045,0.574359,3.001871,3.001871,21.0131,3.001871,3.001871,no_dr_counterfactual_baseline
household_s4_ev_commuter_flexible,household_s4_ev_commuter_flexible,EnergyBridge,Tianjin,7,2025-06-01,,18.0,1.0,,,completed,0,348.8,/home/hku_user/work/EnergyBridge/benchmark_results/2026-06-28_roleplay_v2/household_s4_ev_commuter_flexible_EnergyBridge_tianjin_7days,/home/hku_user/work/EnergyBridge/benchmark_results/2026-06-28_roleplay_v2/_batch_logs/household_matrix_tianjin_7days_H6/household_s4_ev_commuter_flexible_EnergyBridge_tianjin_7days.log,/home/hku_user/work/EnergyBridge/benchmark_results/2026-06-28_roleplay_v2/household_s4_ev_commuter_flexible_EnergyBridge_tianjin_7days/run_summary.txt,0,320.555142,45.793592,304.108504,1.236452,normalized TOU cost/kWh,/home/hku_user/work/EnergyBridge/experiments/real_data/tianjin_tou_price_normalized.csv,13.0309,1.8616,1.0,1.0,2.857143,1.0,1.0,"['dishwasher', 'dryer', 'ev', 'washer', 'water_heater']",[],[],1.0,matched,household_s4_ev_commuter_flexible|tianjin|7days|2025-06-01|no_dr,/home/hku_user/work/EnergyBridge/benchmark_results/2026-06-30_counterfactual_baseline/household_s4_ev_commuter_flexible_no_dr_tianjin_7days/benchmark_result.json,no_dr_counterfactual_event_window_energy,7,36.5853,13.0309,5.226471,1.861557,36.5853,5.226471,no_dr_counterfactual_event_window_energy,23.5544,3.364914,3.364914,1.09357,6.052136,0.612851,0.643821,3.364914,3.364914,23.5544,3.364914,3.364914,no_dr_counterfactual_baseline
household_s5_shared_roommates_irregular,household_s5_shared_roommates_irregular,mpc_dynamic,Germany,7,2025-06-01,experiments/real_data/germany_2025_price.csv,18.0,1.0,,6,completed,0,98.2,/home/hku_user/work/EnergyBridge/benchmark_results/2026-06-29_mpc_rule_roleplay_v2/household_s5_shared_roommates_irregular_mpc_dynamic_H6_germany_7days,/home/hku_user/work/EnergyBridge/benchmark_results/2026-06-29_mpc_rule_roleplay_v2/_batch_logs/household_matrix_germany_7days_H6/household_s5_shared_roommates_irregular_mpc_dynamic_H6_germany_7days.log,/home/hku_user/work/EnergyBridge/benchmark_results/2026-06-29_mpc_rule_roleplay_v2/household_s5_shared_roommates_irregular_mpc_dynamic_H6_germany_7days/run_summary.txt,0,228.004444,32.572063,25.096487,0.070862,EUR/kWh,experiments/real_data/germany_2025_price.csv,9.4814,1.3545,1.0,1.0,4.0,1.0,1.0,"['dishwasher', 'dryer', 'ev', 'washer', 'water_heater']",[],[],1.0,matched,household_s5_shared_roommates_irregular|germany|7days|2025-06-01|no_dr,/home/hku_user/work/EnergyBridge/benchmark_results/2026-06-30_counterfactual_baseline/household_s5_shared_roommates_irregular_no_dr_germany_7days/benchmark_result.json,no_dr_counterfactual_event_window_energy,7,38.5166,9.4812,5.502371,1.354457,38.5166,5.502371,no_dr_counterfactual_event_window_energy,29.0354,4.147914,4.147914,1.348038,14.193099,0.821207,0.753841,4.147914,4.147914,29.0354,4.147914,4.147914,no_dr_counterfactual_baseline
household_s5_shared_roommates_irregular,household_s5_shared_roommates_irregular,mpc_ep,Germany,7,2025-06-01,experiments/real_data/germany_2025_price.csv,18.0,1.0,,6,completed,0,600.9,/home/hku_user/work/EnergyBridge/benchmark_results/2026-06-29_ep_hybrid_explain_cap_v3/household_s5_shared_roommates_irregular_mpc_ep_H6_germany_7days,/home/hku_user/work/EnergyBridge/benchmark_results/2026-06-29_ep_hybrid_explain_cap_v3/_batch_logs/household_matrix_germany_7days_H6/household_s5_shared_roommates_irregular_mpc_ep_H6_germany_7days.log,/home/hku_user/work/EnergyBridge/benchmark_results/2026-06-29_ep_hybrid_explain_cap_v3/household_s5_shared_roommates_irregular_mpc_ep_H6_germany_7days/run_summary.txt,0,240.7935,34.399071,25.034861,0.069782,EUR/kWh,experiments/real_data/germany_2025_price.csv,8.6451,1.235,1.0,1.0,4.0,1.0,1.0,"['dishwasher', 'dryer', 'ev', 'washer', 'water_heater']",[],[],1.0,matched,household_s5_shared_roommates_irregular|germany|7days|2025-06-01|no_dr,/home/hku_user/work/EnergyBridge/benchmark_results/2026-06-30_counterfactual_baseline/household_s5_shared_roommates_irregular_no_dr_germany_7days/benchmark_result.json,no_dr_counterfactual_event_window_energy,7,38.5166,8.6448,5.502371,1.234971,38.5166,5.502371,no_dr_counterfactual_event_window_energy,29.8718,4.2674,4.2674,1.38687,14.894387,0.839638,0.775557,4.2674,4.2674,29.8718,4.2674,4.2674,no_dr_counterfactual_baseline
household_s5_shared_roommates_irregular,household_s5_shared_roommates_irregular,rule_milp,Germany,7,2025-06-01,experiments/real_data/germany_2025_price.csv,18.0,1.0,,,completed,0,92.8,/home/hku_user/work/EnergyBridge/benchmark_results/2026-06-29_mpc_rule_roleplay_v2/household_s5_shared_roommates_irregular_rule_milp_germany_7days,/home/hku_user/work/EnergyBridge/benchmark_results/2026-06-29_mpc_rule_roleplay_v2/_batch_logs/household_matrix_germany_7days_H6/household_s5_shared_roommates_irregular_rule_milp_germany_7days.log,/home/hku_user/work/EnergyBridge/benchmark_results/2026-06-29_mpc_rule_roleplay_v2/household_s5_shared_roommates_irregular_rule_milp_germany_7days/run_summary.txt,0,221.404199,31.629171,21.180897,0.060912,EUR/kWh,experiments/real_data/germany_2025_price.csv,9.5217,1.3602,1.0,1.0,4.0,1.0,1.0,"['dishwasher', 'dryer', 'ev', 'washer', 'water_heater']",[],[],1.0,matched,household_s5_shared_roommates_irregular|germany|7days|2025-06-01|no_dr,/home/hku_user/work/EnergyBridge/benchmark_results/2026-06-30_counterfactual_baseline/household_s5_shared_roommates_irregular_no_dr_germany_7days/benchmark_result.json,no_dr_counterfactual_event_window_energy,7,38.5166,9.5215,5.502371,1.360214,38.5166,5.502371,no_dr_counterfactual_event_window_energy,28.9951,4.142157,4.142157,1.346167,49.521145,0.820505,0.752795,4.142157,4.142157,28.9951,4.142157,4.142157,no_dr_counterfactual_baseline
household_s5_shared_roommates_irregular,household_s5_shared_roommates_irregular,eb_rule_milp,Germany,7,2025-06-01,experiments/real_data/germany_2025_price.csv,18.0,1.0,,,completed,0,331.4,/home/hku_user/work/EnergyBridge/benchmark_results/2026-06-29_ep_hybrid_explain_cap_v3/household_s5_shared_roommates_irregular_eb_rule_milp_germany_7days,/home/hku_user/work/EnergyBridge/benchmark_results/2026-06-29_ep_hybrid_explain_cap_v3/_batch_logs/household_matrix_germany_7days_H6/household_s5_shared_roommates_irregular_eb_rule_milp_germany_7days.log,/home/hku_user/work/EnergyBridge/benchmark_results/2026-06-29_ep_hybrid_explain_cap_v3/household_s5_shared_roommates_irregular_eb_rule_milp_germany_7days/run_summary.txt,0,231.707404,33.101058,21.753494,0.061212,EUR/kWh,experiments/real_data/germany_2025_price.csv,10.4092,1.487,1.0,1.0,4.5,1.0,1.0,"['dishwasher', 'dryer', 'ev', 'washer', 'water_heater']",[],[],1.0,matched,household_s5_shared_roommates_irregular|germany|7days|2025-06-01|no_dr,/home/hku_user/work/EnergyBridge/benchmark_results/2026-06-30_counterfactual_baseline/household_s5_shared_roommates_irregular_no_dr_germany_7days/benchmark_result.json,no_dr_counterfactual_event_window_energy,7,38.5166,10.4091,5.502371,1.487014,38.5166,5.502371,no_dr_counterfactual_event_window_energy,28.1075,4.015357,4.015357,1.304958,23.067561,0.795952,0.72975,4.015357,4.015357,28.1075,4.015357,4.015357,no_dr_counterfactual_baseline
household_s5_shared_roommates_irregular,household_s5_shared_roommates_irregular,EnergyBridge,Germany,7,2025-06-01,experiments/real_data/germany_2025_price.csv,18.0,1.0,,,completed,0,264.8,/home/hku_user/work/EnergyBridge/benchmark_results/2026-06-29_ev_service_fix/household_s5_shared_roommates_irregular_EnergyBridge_germany_7days,/home/hku_user/work/EnergyBridge/benchmark_results/2026-06-29_ev_service_fix/_batch_logs/household_matrix_germany_7days_H6/household_s5_shared_roommates_irregular_EnergyBridge_germany_7days.log,/home/hku_user/work/EnergyBridge/benchmark_results/2026-06-29_ev_service_fix/household_s5_shared_roommates_irregular_EnergyBridge_germany_7days/run_summary.txt,0,225.8745872065754,32.26779817236791,26.327882,0.076855,EUR/kWh,experiments/real_data/germany_2025_price.csv,10.1233,1.4462,1.0,1.0,4.428571428571429,1.0,1.0,"['dishwasher', 'dryer', 'ev', 'washer', 'water_heater']",[],[],1.0,matched,household_s5_shared_roommates_irregular|germany|7days|2025-06-01|no_dr,/home/hku_user/work/EnergyBridge/benchmark_results/2026-06-30_counterfactual_baseline/household_s5_shared_roommates_irregular_no_dr_germany_7days/benchmark_result.json,no_dr_counterfactual_event_window_energy,7,38.5166,10.1232,5.502371,1.446171,38.5166,5.502371,no_dr_counterfactual_event_window_energy,28.3934,4.0562,4.0562,1.318232,31.051921,0.811528,0.737173,4.0562,4.0562,28.3934,4.0562,4.0562,no_dr_counterfactual_baseline
household_s5_shared_roommates_irregular,household_s5_shared_roommates_irregular,mpc_dynamic,Tianjin,7,2025-06-01,,18.0,1.0,,6,completed,0,86.6,/home/hku_user/work/EnergyBridge/benchmark_results/2026-06-29_mpc_rule_roleplay_v2/household_s5_shared_roommates_irregular_mpc_dynamic_H6_tianjin_7days,/home/hku_user/work/EnergyBridge/benchmark_results/2026-06-29_mpc_rule_roleplay_v2/_batch_logs/household_matrix_tianjin_7days_H6/household_s5_shared_roommates_irregular_mpc_dynamic_H6_tianjin_7days.log,/home/hku_user/work/EnergyBridge/benchmark_results/2026-06-29_mpc_rule_roleplay_v2/household_s5_shared_roommates_irregular_mpc_dynamic_H6_tianjin_7days/run_summary.txt,0,274.49865,39.214093,295.808422,1.332914,normalized TOU cost/kWh,/home/hku_user/work/EnergyBridge/experiments/real_data/tianjin_tou_price_normalized.csv,6.7397,0.9628,1.0,1.0,3.892857,1.0,1.0,"['dishwasher', 'dryer', 'ev', 'washer', 'water_heater']",[],[],1.0,matched,household_s5_shared_roommates_irregular|tianjin|7days|2025-06-01|no_dr,/home/hku_user/work/EnergyBridge/benchmark_results/2026-06-30_counterfactual_baseline/household_s5_shared_roommates_irregular_no_dr_tianjin_7days/benchmark_result.json,no_dr_counterfactual_event_window_energy,7,36.5977,6.7398,5.228243,0.962829,36.5977,5.228243,no_dr_counterfactual_event_window_energy,29.8579,4.265414,4.265414,1.386225,12.463031,0.800779,0.815841,4.265414,4.265414,29.8579,4.265414,4.265414,no_dr_counterfactual_baseline
household_s5_shared_roommates_irregular,household_s5_shared_roommates_irregular,mpc_ep,Tianjin,7,2025-06-01,experiments/real_data/tianjin_tou_price_normalized.csv,18.0,1.0,,6,completed,0,470.7,/home/hku_user/work/EnergyBridge/benchmark_results/2026-06-29_ep_hybrid_explain_cap_v3/household_s5_shared_roommates_irregular_mpc_ep_H6_tianjin_7days,/home/hku_user/work/EnergyBridge/benchmark_results/2026-06-29_ep_hybrid_explain_cap_v3/_batch_logs/household_matrix_tianjin_7days_H6/household_s5_shared_roommates_irregular_mpc_ep_H6_tianjin_7days.log,/home/hku_user/work/EnergyBridge/benchmark_results/2026-06-29_ep_hybrid_explain_cap_v3/household_s5_shared_roommates_irregular_mpc_ep_H6_tianjin_7days/run_summary.txt,0,290.312434,41.473205,306.104424,1.321477,normalized TOU cost/kWh,experiments/real_data/tianjin_tou_price_normalized.csv,6.5409,0.9344,1.0,1.0,4.0,1.0,1.0,"['dishwasher', 'dryer', 'ev', 'washer', 'water_heater']",[],[],1.0,matched,household_s5_shared_roommates_irregular|tianjin|7days|2025-06-01|no_dr,/home/hku_user/work/EnergyBridge/benchmark_results/2026-06-30_counterfactual_baseline/household_s5_shared_roommates_irregular_no_dr_tianjin_7days/benchmark_result.json,no_dr_counterfactual_event_window_energy,7,36.5977,6.541,5.228243,0.934429,36.5977,5.228243,no_dr_counterfactual_event_window_energy,30.0567,4.293814,4.293814,1.395455,10.793262,0.809824,0.821273,4.293814,4.293814,30.0567,4.293814,4.293814,no_dr_counterfactual_baseline
household_s5_shared_roommates_irregular,household_s5_shared_roommates_irregular,rule_milp,Tianjin,7,2025-06-01,,18.0,1.0,,,completed,0,79.6,/home/hku_user/work/EnergyBridge/benchmark_results/2026-06-29_mpc_rule_roleplay_v2/household_s5_shared_roommates_irregular_rule_milp_tianjin_7days,/home/hku_user/work/EnergyBridge/benchmark_results/2026-06-29_mpc_rule_roleplay_v2/_batch_logs/household_matrix_tianjin_7days_H6/household_s5_shared_roommates_irregular_rule_milp_tianjin_7days.log,/home/hku_user/work/EnergyBridge/benchmark_results/2026-06-29_mpc_rule_roleplay_v2/household_s5_shared_roommates_irregular_rule_milp_tianjin_7days/run_summary.txt,0,239.863894,34.266271,268.542626,1.238957,normalized TOU cost/kWh,/home/hku_user/work/EnergyBridge/experiments/real_data/tianjin_tou_price_normalized.csv,9.5518,1.3645,1.0,1.0,3.214286,1.0,1.0,"['dishwasher', 'dryer', 'ev', 'washer', 'water_heater']",[],[],1.0,matched,household_s5_shared_roommates_irregular|tianjin|7days|2025-06-01|no_dr,/home/hku_user/work/EnergyBridge/benchmark_results/2026-06-30_counterfactual_baseline/household_s5_shared_roommates_irregular_no_dr_tianjin_7days/benchmark_result.json,no_dr_counterfactual_event_window_energy,7,36.5977,9.5517,5.228243,1.364529,36.5977,5.228243,no_dr_counterfactual_event_window_energy,27.046,3.863714,3.863714,1.255676,23.4175,0.702551,0.739008,3.863714,3.863714,27.046,3.863714,3.863714,no_dr_counterfactual_baseline
household_s5_shared_roommates_irregular,household_s5_shared_roommates_irregular,eb_rule_milp,Tianjin,7,2025-06-01,experiments/real_data/tianjin_tou_price_normalized.csv,18.0,1.0,,,completed,0,332.4,/home/hku_user/work/EnergyBridge/benchmark_results/2026-06-29_ep_hybrid_explain_cap_v3/household_s5_shared_roommates_irregular_eb_rule_milp_tianjin_7days,/home/hku_user/work/EnergyBridge/benchmark_results/2026-06-29_ep_hybrid_explain_cap_v3/_batch_logs/household_matrix_tianjin_7days_H6/household_s5_shared_roommates_irregular_eb_rule_milp_tianjin_7days.log,/home/hku_user/work/EnergyBridge/benchmark_results/2026-06-29_ep_hybrid_explain_cap_v3/household_s5_shared_roommates_irregular_eb_rule_milp_tianjin_7days/run_summary.txt,0,295.024128,42.146304,322.510756,1.231222,normalized TOU cost/kWh,experiments/real_data/tianjin_tou_price_normalized.csv,12.176,1.7394,1.0,1.0,4.0,1.0,1.0,"['dishwasher', 'dryer', 'ev', 'washer', 'water_heater']",[],[],1.0,matched,household_s5_shared_roommates_irregular|tianjin|7days|2025-06-01|no_dr,/home/hku_user/work/EnergyBridge/benchmark_results/2026-06-30_counterfactual_baseline/household_s5_shared_roommates_irregular_no_dr_tianjin_7days/benchmark_result.json,no_dr_counterfactual_event_window_energy,7,36.5977,12.1759,5.228243,1.739414,36.5977,5.228243,no_dr_counterfactual_event_window_energy,24.4218,3.488829,3.488829,1.133841,5.670106,0.622718,0.667304,3.488829,3.488829,24.4218,3.488829,3.488829,no_dr_counterfactual_baseline
household_s5_shared_roommates_irregular,household_s5_shared_roommates_irregular,EnergyBridge,Tianjin,7,2025-06-01,,18.0,1.0,,,completed,0,283.5,/home/hku_user/work/EnergyBridge/benchmark_results/2026-06-29_ev_service_fix/household_s5_shared_roommates_irregular_EnergyBridge_tianjin_7days,/home/hku_user/work/EnergyBridge/benchmark_results/2026-06-29_ev_service_fix/_batch_logs/household_matrix_tianjin_7days_H6/household_s5_shared_roommates_irregular_EnergyBridge_tianjin_7days.log,/home/hku_user/work/EnergyBridge/benchmark_results/2026-06-29_ev_service_fix/household_s5_shared_roommates_irregular_EnergyBridge_tianjin_7days/run_summary.txt,0,312.48252073962965,44.64036010566138,320.07683,1.350718,normalized TOU cost/kWh,/home/hku_user/work/EnergyBridge/experiments/real_data/tianjin_tou_price_normalized.csv,9.4982,1.3569,0.8571,0.8571,4.214285714285714,1.0,1.0,"['dishwasher', 'dryer', 'ev', 'washer', 'water_heater']",[],[],1.0,matched,household_s5_shared_roommates_irregular|tianjin|7days|2025-06-01|no_dr,/home/hku_user/work/EnergyBridge/benchmark_results/2026-06-30_counterfactual_baseline/household_s5_shared_roommates_irregular_no_dr_tianjin_7days/benchmark_result.json,no_dr_counterfactual_event_window_energy,7,36.5977,9.4983,5.228243,1.3569,36.5977,5.228243,no_dr_counterfactual_event_window_energy,27.0994,3.871343,3.871343,1.258155,7.14376,0.689929,0.740467,3.871343,3.871343,27.0994,3.871343,3.871343,no_dr_counterfactual_baseline
