persona_id,persona_display_name,city,method,event_index,event_id,day,score,comfort_score,energy_score,vpp_score,reason,why_request,natural_language,recommended_actions,protected_constraints,user_control,expected_benefit,alternatives,review_dimensions
basic_role_a_commuter_price_cooperative,Regular Commuter – Price-Cooperative,Germany,EnergyBridge,1,review_vpp1,1,,,,,review sample,18:00-19:00 is a VPP demand-response window; the grid is asking the household to reduce about 0.50 kW of adjustable load during this peak period.,"18:00-19:00 is a VPP demand-response window; the grid is asking the household to reduce about 0.50 kW of adjustable load during this peak period. For this event, I would use a balanced plan rather than a disruptive cut, because the request is for about 0.50 kW of flexible load and the home still has comfort and service boundaries. Your saved preference profile is cost-aware, so I look for flexible loads that can move without affecting comfort. Your routine usually brings you home around 18:30, so the plan protects arrival comfort. Your control preference requires clear consent and an easy opt-out before stronger actions.

I will keep the AC at 26.0°C during the event and restore normal comfort control afterward. For household tasks, I will start the washer at 19:00 and start the dishwasher at 21:00. The water heater is prepared from 15:00 to 17:00 at 55°C, so hot water is ready without running during 18:00-19:00.

I will keep comfort and hot water inside the limits you have already set. You can cancel, pause, or restore your normal settings at any point. Anything beyond these saved limits needs a fresh confirmation from you. Because this request is only about 0.50 kW, a low-disruption response should be enough. If you want to be more cautious, I can keep the AC unchanged and only move flexible chores; if you explicitly confirm a stronger response, I can use the upper end of your comfort band for a short time.","[{""action"": ""setpoint"", ""amount"": 26.0, ""device"": ""ac"", ""duration"": ""18:00-19:00 (about 1 h)"", ""rationale"": ""Temporarily adjust only within 24.0-26.0°C, then restore comfort after the VPP window."", ""unit"": ""C""}, {""action"": ""schedule"", ""amount"": {""duration_h"": 2.0, ""start_h"": 19.0}, ""device"": ""washer"", ""duration"": ""2 h"", ""rationale"": ""Start the washer at 19:00 for about 2 h, avoiding 18:00-19:00."", ""unit"": ""hour_of_day""}, {""action"": ""schedule"", ""amount"": {""duration_h"": 1.5, ""start_h"": 21.0}, ""device"": ""dishwasher"", ""duration"": ""1.5 h"", ""rationale"": ""Start the dishwasher at 21:00 for about 1.5 h, avoiding 18:00-19:00."", ""unit"": ""hour_of_day""}, {""action"": ""preheat"", ""amount"": {""preheat_end_h"": 17.0, ""preheat_start_h"": 15.0, ""preheat_temp_c"": 55.0}, ""device"": ""water_heater"", ""duration"": ""according to the hot-water service window"", ""rationale"": ""Preheat the water heater from 15:00 to 17:00 at 55°C; store heat before bath time and avoid 18:00-19:00."", ""unit"": ""hour_of_day""}]","[""Indoor-temperature control must stay within the user's preferred comfort range 24.0-26.0°C and auto-restore after 18:00-19:00."", ""The user keeps event-level confirmation authority; larger unconfirmed actions cannot execute automatically."", ""The water heater must keep bath-time hot water available before 21:00."", ""No present controllable non-AC load may be scheduled to run inside the VPP window 18:00-19:00.""]","[""The user can cancel, pause, or switch to the conservative option before or during the event."", ""If the user feels uncomfortable, restore the AC to 26.0°C or the user's usual setpoint immediately and reschedule device tasks outside the window."", ""Any action beyond this event's authorization boundary requires renewed confirmation and cannot carry over by default.""]","{""compensation_note"": ""Do not invent a monetary amount; if compensation or TOU pricing applies, calculate it from the actual VPP or tariff settlement rules."", ""load_shift_kw_estimate"": 4.7, ""message"": ""The reference target is about 0.50 kW, so low-disruption actions are enough; focus on moving controllable non-AC load out of the window."", ""recommended_bid_kw"": null, ""target_shed_kw"": 0.5, ""target_shed_kwh_or_cap_kwh"": 0.5}","[{""name"": ""Conservative option"", ""summary"": ""Keep the AC at the comfort setting and only move controllable devices out of 18:00-19:00."", ""tradeoff"": ""Lowest comfort risk, smaller shedding capability.""}, {""name"": ""Balanced option"", ""summary"": ""Make a small AC adjustment within 24.0-26.0°C and avoid 18:00-19:00 for laundry, hot water, EV charging, and other controllable devices."", ""tradeoff"": ""Balances user experience and VPP response; this is the default recommendation.""}, {""name"": ""Enhanced response option"", ""summary"": ""With renewed confirmation, use an AC setpoint closer to the comfort upper bound and complete storable-energy tasks earlier."", ""tradeoff"": ""Stronger shedding, but it requires explicit authorization and fast post-event restoration.""}]","{""alternatives_2plus"": true, ""benefit_or_compensation"": true, ""comfort_or_service_constraints"": true, ""concrete_device_actions"": true, ""personalized_to_role"": true, ""structured_constraints"": true, ""user_control_and_opt_out"": true, ""why_request"": true}"
basic_role_a_commuter_price_cooperative,Regular Commuter – Price-Cooperative,Germany,EnergyBridge,2,review_vpp2,2,,,,,review sample,18:00-19:00 is a VPP demand-response window; the grid is asking the household to reduce about 1.00 kW of adjustable load during this peak period.,"18:00-19:00 is a VPP demand-response window; the grid is asking the household to reduce about 1.00 kW of adjustable load during this peak period. For this event, I would use a balanced plan rather than a disruptive cut, because the request is for about 1.00 kW of flexible load and the home still has comfort and service boundaries. Your saved preference profile is cost-aware, so I look for flexible loads that can move without affecting comfort. Your routine usually brings you home around 18:30, so the plan protects arrival comfort. Your control preference requires clear consent and an easy opt-out before stronger actions.

I will keep the AC at 26.0°C during the event and restore normal comfort control afterward. For household tasks, I will start the washer at 19:00 and start the dishwasher at 21:00. The water heater is prepared from 15:00 to 17:00 at 55°C, so hot water is ready without running during 18:00-19:00.

I will keep comfort and hot water inside the limits you have already set. You can cancel, pause, or restore your normal settings at any point. Anything beyond these saved limits needs a fresh confirmation from you. This moves roughly 4.7 kW of controllable load away from the event window against a 1.00 kW request. If you want to be more cautious, I can keep the AC unchanged and only move flexible chores; if you explicitly confirm a stronger response, I can use the upper end of your comfort band for a short time.","[{""action"": ""setpoint"", ""amount"": 26.0, ""device"": ""ac"", ""duration"": ""18:00-19:00 (about 1 h)"", ""rationale"": ""Temporarily adjust only within 24.0-26.0°C, then restore comfort after the VPP window."", ""unit"": ""C""}, {""action"": ""schedule"", ""amount"": {""duration_h"": 2.0, ""start_h"": 19.0}, ""device"": ""washer"", ""duration"": ""2 h"", ""rationale"": ""Start the washer at 19:00 for about 2 h, avoiding 18:00-19:00."", ""unit"": ""hour_of_day""}, {""action"": ""schedule"", ""amount"": {""duration_h"": 1.5, ""start_h"": 21.0}, ""device"": ""dishwasher"", ""duration"": ""1.5 h"", ""rationale"": ""Start the dishwasher at 21:00 for about 1.5 h, avoiding 18:00-19:00."", ""unit"": ""hour_of_day""}, {""action"": ""preheat"", ""amount"": {""preheat_end_h"": 17.0, ""preheat_start_h"": 15.0, ""preheat_temp_c"": 55.0}, ""device"": ""water_heater"", ""duration"": ""according to the hot-water service window"", ""rationale"": ""Preheat the water heater from 15:00 to 17:00 at 55°C; store heat before bath time and avoid 18:00-19:00."", ""unit"": ""hour_of_day""}]","[""Indoor-temperature control must stay within the user's preferred comfort range 24.0-26.0°C and auto-restore after 18:00-19:00."", ""The user keeps event-level confirmation authority; larger unconfirmed actions cannot execute automatically."", ""The water heater must keep bath-time hot water available before 21:00."", ""No present controllable non-AC load may be scheduled to run inside the VPP window 18:00-19:00.""]","[""The user can cancel, pause, or switch to the conservative option before or during the event."", ""If the user feels uncomfortable, restore the AC to 26.0°C or the user's usual setpoint immediately and reschedule device tasks outside the window."", ""Any action beyond this event's authorization boundary requires renewed confirmation and cannot carry over by default.""]","{""compensation_note"": ""Do not invent a monetary amount; if compensation or TOU pricing applies, calculate it from the actual VPP or tariff settlement rules."", ""load_shift_kw_estimate"": 4.7, ""message"": ""The reference shedding target is about 1.00 kW; the plan prioritizes shifting roughly 4.7 kW of controllable device load."", ""recommended_bid_kw"": null, ""target_shed_kw"": 1.0, ""target_shed_kwh_or_cap_kwh"": 1.0}","[{""name"": ""Conservative option"", ""summary"": ""Keep the AC at the comfort setting and only move controllable devices out of 18:00-19:00."", ""tradeoff"": ""Lowest comfort risk, smaller shedding capability.""}, {""name"": ""Balanced option"", ""summary"": ""Make a small AC adjustment within 24.0-26.0°C and avoid 18:00-19:00 for laundry, hot water, EV charging, and other controllable devices."", ""tradeoff"": ""Balances user experience and VPP response; this is the default recommendation.""}, {""name"": ""Enhanced response option"", ""summary"": ""With renewed confirmation, use an AC setpoint closer to the comfort upper bound and complete storable-energy tasks earlier."", ""tradeoff"": ""Stronger shedding, but it requires explicit authorization and fast post-event restoration.""}]","{""alternatives_2plus"": true, ""benefit_or_compensation"": true, ""comfort_or_service_constraints"": true, ""concrete_device_actions"": true, ""personalized_to_role"": true, ""structured_constraints"": true, ""user_control_and_opt_out"": true, ""why_request"": true}"
basic_role_a_commuter_price_cooperative,Regular Commuter – Price-Cooperative,Germany,EnergyBridge,3,review_vpp3,3,,,,,review sample,18:00-19:00 is a VPP demand-response window; the grid is asking the household to reduce about 1.50 kW of adjustable load during this peak period.,"18:00-19:00 is a VPP demand-response window; the grid is asking the household to reduce about 1.50 kW of adjustable load during this peak period. For this event, I would use a balanced plan rather than a disruptive cut, because the request is for about 1.50 kW of flexible load and the home still has comfort and service boundaries. Your saved preference profile is cost-aware, so I look for flexible loads that can move without affecting comfort. Your routine usually brings you home around 18:30, so the plan protects arrival comfort. Your control preference requires clear consent and an easy opt-out before stronger actions.

I will keep the AC at 26.0°C during the event and restore normal comfort control afterward. For household tasks, I will start the washer at 19:00 and start the dishwasher at 21:00. The water heater is prepared from 15:00 to 17:00 at 55°C, so hot water is ready without running during 18:00-19:00.

I will keep comfort and hot water inside the limits you have already set. You can cancel, pause, or restore your normal settings at any point. Anything beyond these saved limits needs a fresh confirmation from you. This moves roughly 4.7 kW of controllable load away from the event window against a 1.50 kW request. If you want to be more cautious, I can keep the AC unchanged and only move flexible chores; if you explicitly confirm a stronger response, I can use the upper end of your comfort band for a short time.","[{""action"": ""setpoint"", ""amount"": 26.0, ""device"": ""ac"", ""duration"": ""18:00-19:00 (about 1 h)"", ""rationale"": ""Temporarily adjust only within 24.0-26.0°C, then restore comfort after the VPP window."", ""unit"": ""C""}, {""action"": ""schedule"", ""amount"": {""duration_h"": 2.0, ""start_h"": 19.0}, ""device"": ""washer"", ""duration"": ""2 h"", ""rationale"": ""Start the washer at 19:00 for about 2 h, avoiding 18:00-19:00."", ""unit"": ""hour_of_day""}, {""action"": ""schedule"", ""amount"": {""duration_h"": 1.5, ""start_h"": 21.0}, ""device"": ""dishwasher"", ""duration"": ""1.5 h"", ""rationale"": ""Start the dishwasher at 21:00 for about 1.5 h, avoiding 18:00-19:00."", ""unit"": ""hour_of_day""}, {""action"": ""preheat"", ""amount"": {""preheat_end_h"": 17.0, ""preheat_start_h"": 15.0, ""preheat_temp_c"": 55.0}, ""device"": ""water_heater"", ""duration"": ""according to the hot-water service window"", ""rationale"": ""Preheat the water heater from 15:00 to 17:00 at 55°C; store heat before bath time and avoid 18:00-19:00."", ""unit"": ""hour_of_day""}]","[""Indoor-temperature control must stay within the user's preferred comfort range 24.0-26.0°C and auto-restore after 18:00-19:00."", ""The user keeps event-level confirmation authority; larger unconfirmed actions cannot execute automatically."", ""The water heater must keep bath-time hot water available before 21:00."", ""No present controllable non-AC load may be scheduled to run inside the VPP window 18:00-19:00.""]","[""The user can cancel, pause, or switch to the conservative option before or during the event."", ""If the user feels uncomfortable, restore the AC to 26.0°C or the user's usual setpoint immediately and reschedule device tasks outside the window."", ""Any action beyond this event's authorization boundary requires renewed confirmation and cannot carry over by default.""]","{""compensation_note"": ""Do not invent a monetary amount; if compensation or TOU pricing applies, calculate it from the actual VPP or tariff settlement rules."", ""load_shift_kw_estimate"": 4.7, ""message"": ""The reference shedding target is about 1.50 kW; the plan prioritizes shifting roughly 4.7 kW of controllable device load."", ""recommended_bid_kw"": null, ""target_shed_kw"": 1.5, ""target_shed_kwh_or_cap_kwh"": 1.5}","[{""name"": ""Conservative option"", ""summary"": ""Keep the AC at the comfort setting and only move controllable devices out of 18:00-19:00."", ""tradeoff"": ""Lowest comfort risk, smaller shedding capability.""}, {""name"": ""Balanced option"", ""summary"": ""Make a small AC adjustment within 24.0-26.0°C and avoid 18:00-19:00 for laundry, hot water, EV charging, and other controllable devices."", ""tradeoff"": ""Balances user experience and VPP response; this is the default recommendation.""}, {""name"": ""Enhanced response option"", ""summary"": ""With renewed confirmation, use an AC setpoint closer to the comfort upper bound and complete storable-energy tasks earlier."", ""tradeoff"": ""Stronger shedding, but it requires explicit authorization and fast post-event restoration.""}]","{""alternatives_2plus"": true, ""benefit_or_compensation"": true, ""comfort_or_service_constraints"": true, ""concrete_device_actions"": true, ""personalized_to_role"": true, ""structured_constraints"": true, ""user_control_and_opt_out"": true, ""why_request"": true}"
basic_role_b_home_comfort_gated,Stay-at-Home – Comfort-Gated,Germany,EnergyBridge,1,review_vpp1,1,,,,,review sample,18:00-19:00 is a VPP demand-response window; the grid is asking the household to reduce about 0.50 kW of adjustable load during this peak period.,"18:00-19:00 is a VPP demand-response window; the grid is asking the household to reduce about 0.50 kW of adjustable load during this peak period. For this event, I would use a balanced plan rather than a disruptive cut, because the request is for about 0.50 kW of flexible load and the home still has comfort and service boundaries. Your saved preference profile puts comfort and service continuity ahead of aggressive grid response. Because you are usually home during the event, I keep any comfort change small, visible, and reversible. Your control preference requires clear consent and an easy opt-out before stronger actions.

I will keep the AC at 25.5°C during the event and restore normal comfort control afterward. For household tasks, I will leave the washer at its usual 10:00 routine. The water heater is prepared from 18:00 to 20:00 at 50°C, so hot water is ready without running during 18:00-19:00.

I will keep comfort and hot water inside the limits you have already set. You can cancel, pause, or restore your normal settings at any point. Anything beyond these saved limits needs a fresh confirmation from you. Because this request is only about 0.50 kW, a low-disruption response should be enough. If you want to be more cautious, I can keep the AC unchanged and only move flexible chores; if you explicitly confirm a stronger response, I can use the upper end of your comfort band for a short time.","[{""action"": ""setpoint"", ""amount"": 25.5, ""device"": ""ac"", ""duration"": ""18:00-19:00 (about 1 h)"", ""rationale"": ""Temporarily adjust only within 24.5-25.5°C, then restore comfort after the VPP window."", ""unit"": ""C""}, {""action"": ""schedule"", ""amount"": {""dr_adjustable"": false, ""routine_start_h"": 10.0}, ""device"": ""washer"", ""duration"": ""2 h"", ""rationale"": ""The washer is fixed or non-DR-adjustable, so keep the user's routine time at 10:00."", ""unit"": ""hour_of_day""}, {""action"": ""preheat"", ""amount"": {""preheat_end_h"": 20.0, ""preheat_start_h"": 18.0, ""preheat_temp_c"": 50.0}, ""device"": ""water_heater"", ""duration"": ""according to the hot-water service window"", ""rationale"": ""Keep the fixed water-heater preheat window 18:00-20:00 at 50°C; protect bath-time hot water and do not use this routine as a shedding resource."", ""unit"": ""hour_of_day""}]","[""Indoor-temperature control must stay within the user's preferred comfort range 24.5-25.5°C and auto-restore after 18:00-19:00."", ""The user keeps event-level confirmation authority; larger unconfirmed actions cannot execute automatically."", ""The water heater must keep bath-time hot water available before 21:00."", ""Fixed or non-DR-adjustable tasks keep their original routines: washer, water_heater."", ""No present controllable non-AC load may be scheduled to run inside the VPP window 18:00-19:00.""]","[""The user can cancel, pause, or switch to the conservative option before or during the event."", ""If the user feels uncomfortable, restore the AC to 25.5°C or the user's usual setpoint immediately and reschedule device tasks outside the window."", ""Any action beyond this event's authorization boundary requires renewed confirmation and cannot carry over by default.""]","{""compensation_note"": ""Do not invent a monetary amount; if compensation or TOU pricing applies, calculate it from the actual VPP or tariff settlement rules."", ""load_shift_kw_estimate"": 0.0, ""message"": ""No controllable device load can be safely shifted now; the benefit is mainly avoiding new noncritical load during the window."", ""recommended_bid_kw"": null, ""target_shed_kw"": 0.5, ""target_shed_kwh_or_cap_kwh"": 0.5}","[{""name"": ""Conservative option"", ""summary"": ""Keep the AC at the comfort setting and only move controllable devices out of 18:00-19:00."", ""tradeoff"": ""Lowest comfort risk, smaller shedding capability.""}, {""name"": ""Balanced option"", ""summary"": ""Make a small AC adjustment within 24.5-25.5°C and avoid 18:00-19:00 for laundry, hot water, EV charging, and other controllable devices."", ""tradeoff"": ""Balances user experience and VPP response; this is the default recommendation.""}, {""name"": ""Enhanced response option"", ""summary"": ""With renewed confirmation, use an AC setpoint closer to the comfort upper bound and complete storable-energy tasks earlier."", ""tradeoff"": ""Stronger shedding, but it requires explicit authorization and fast post-event restoration.""}]","{""alternatives_2plus"": true, ""benefit_or_compensation"": true, ""comfort_or_service_constraints"": true, ""concrete_device_actions"": true, ""personalized_to_role"": true, ""structured_constraints"": true, ""user_control_and_opt_out"": true, ""why_request"": true}"
basic_role_b_home_comfort_gated,Stay-at-Home – Comfort-Gated,Germany,EnergyBridge,2,review_vpp2,2,,,,,review sample,18:00-19:00 is a VPP demand-response window; the grid is asking the household to reduce about 1.00 kW of adjustable load during this peak period.,"18:00-19:00 is a VPP demand-response window; the grid is asking the household to reduce about 1.00 kW of adjustable load during this peak period. For this event, I would use a balanced plan rather than a disruptive cut, because the request is for about 1.00 kW of flexible load and the home still has comfort and service boundaries. Your saved preference profile puts comfort and service continuity ahead of aggressive grid response. Because you are usually home during the event, I keep any comfort change small, visible, and reversible. Your control preference requires clear consent and an easy opt-out before stronger actions.

I will keep the AC at 25.5°C during the event and restore normal comfort control afterward. For household tasks, I will leave the washer at its usual 10:00 routine. The water heater is prepared from 18:00 to 20:00 at 50°C, so hot water is ready without running during 18:00-19:00.

I will keep comfort and hot water inside the limits you have already set. You can cancel, pause, or restore your normal settings at any point. Anything beyond these saved limits needs a fresh confirmation from you. The main benefit is avoiding new nonessential load during the event window. If you want to be more cautious, I can keep the AC unchanged and only move flexible chores; if you explicitly confirm a stronger response, I can use the upper end of your comfort band for a short time.","[{""action"": ""setpoint"", ""amount"": 25.5, ""device"": ""ac"", ""duration"": ""18:00-19:00 (about 1 h)"", ""rationale"": ""Temporarily adjust only within 24.5-25.5°C, then restore comfort after the VPP window."", ""unit"": ""C""}, {""action"": ""schedule"", ""amount"": {""dr_adjustable"": false, ""routine_start_h"": 10.0}, ""device"": ""washer"", ""duration"": ""2 h"", ""rationale"": ""The washer is fixed or non-DR-adjustable, so keep the user's routine time at 10:00."", ""unit"": ""hour_of_day""}, {""action"": ""preheat"", ""amount"": {""preheat_end_h"": 20.0, ""preheat_start_h"": 18.0, ""preheat_temp_c"": 50.0}, ""device"": ""water_heater"", ""duration"": ""according to the hot-water service window"", ""rationale"": ""Keep the fixed water-heater preheat window 18:00-20:00 at 50°C; protect bath-time hot water and do not use this routine as a shedding resource."", ""unit"": ""hour_of_day""}]","[""Indoor-temperature control must stay within the user's preferred comfort range 24.5-25.5°C and auto-restore after 18:00-19:00."", ""The user keeps event-level confirmation authority; larger unconfirmed actions cannot execute automatically."", ""The water heater must keep bath-time hot water available before 21:00."", ""Fixed or non-DR-adjustable tasks keep their original routines: washer, water_heater."", ""No present controllable non-AC load may be scheduled to run inside the VPP window 18:00-19:00.""]","[""The user can cancel, pause, or switch to the conservative option before or during the event."", ""If the user feels uncomfortable, restore the AC to 25.5°C or the user's usual setpoint immediately and reschedule device tasks outside the window."", ""Any action beyond this event's authorization boundary requires renewed confirmation and cannot carry over by default.""]","{""compensation_note"": ""Do not invent a monetary amount; if compensation or TOU pricing applies, calculate it from the actual VPP or tariff settlement rules."", ""load_shift_kw_estimate"": 0.0, ""message"": ""No controllable device load can be safely shifted now; the benefit is mainly avoiding new noncritical load during the window."", ""recommended_bid_kw"": null, ""target_shed_kw"": 1.0, ""target_shed_kwh_or_cap_kwh"": 1.0}","[{""name"": ""Conservative option"", ""summary"": ""Keep the AC at the comfort setting and only move controllable devices out of 18:00-19:00."", ""tradeoff"": ""Lowest comfort risk, smaller shedding capability.""}, {""name"": ""Balanced option"", ""summary"": ""Make a small AC adjustment within 24.5-25.5°C and avoid 18:00-19:00 for laundry, hot water, EV charging, and other controllable devices."", ""tradeoff"": ""Balances user experience and VPP response; this is the default recommendation.""}, {""name"": ""Enhanced response option"", ""summary"": ""With renewed confirmation, use an AC setpoint closer to the comfort upper bound and complete storable-energy tasks earlier."", ""tradeoff"": ""Stronger shedding, but it requires explicit authorization and fast post-event restoration.""}]","{""alternatives_2plus"": true, ""benefit_or_compensation"": true, ""comfort_or_service_constraints"": true, ""concrete_device_actions"": true, ""personalized_to_role"": true, ""structured_constraints"": true, ""user_control_and_opt_out"": true, ""why_request"": true}"
basic_role_b_home_comfort_gated,Stay-at-Home – Comfort-Gated,Germany,EnergyBridge,3,review_vpp3,3,,,,,review sample,18:00-19:00 is a VPP demand-response window; the grid is asking the household to reduce about 1.50 kW of adjustable load during this peak period.,"18:00-19:00 is a VPP demand-response window; the grid is asking the household to reduce about 1.50 kW of adjustable load during this peak period. For this event, I would use a balanced plan rather than a disruptive cut, because the request is for about 1.50 kW of flexible load and the home still has comfort and service boundaries. Your saved preference profile puts comfort and service continuity ahead of aggressive grid response. Because you are usually home during the event, I keep any comfort change small, visible, and reversible. Your control preference requires clear consent and an easy opt-out before stronger actions.

I will keep the AC at 25.5°C during the event and restore normal comfort control afterward. For household tasks, I will leave the washer at its usual 10:00 routine. The water heater is prepared from 18:00 to 20:00 at 50°C, so hot water is ready without running during 18:00-19:00.

I will keep comfort and hot water inside the limits you have already set. You can cancel, pause, or restore your normal settings at any point. Anything beyond these saved limits needs a fresh confirmation from you. The main benefit is avoiding new nonessential load during the event window. If you want to be more cautious, I can keep the AC unchanged and only move flexible chores; if you explicitly confirm a stronger response, I can use the upper end of your comfort band for a short time.","[{""action"": ""setpoint"", ""amount"": 25.5, ""device"": ""ac"", ""duration"": ""18:00-19:00 (about 1 h)"", ""rationale"": ""Temporarily adjust only within 24.5-25.5°C, then restore comfort after the VPP window."", ""unit"": ""C""}, {""action"": ""schedule"", ""amount"": {""dr_adjustable"": false, ""routine_start_h"": 10.0}, ""device"": ""washer"", ""duration"": ""2 h"", ""rationale"": ""The washer is fixed or non-DR-adjustable, so keep the user's routine time at 10:00."", ""unit"": ""hour_of_day""}, {""action"": ""preheat"", ""amount"": {""preheat_end_h"": 20.0, ""preheat_start_h"": 18.0, ""preheat_temp_c"": 50.0}, ""device"": ""water_heater"", ""duration"": ""according to the hot-water service window"", ""rationale"": ""Keep the fixed water-heater preheat window 18:00-20:00 at 50°C; protect bath-time hot water and do not use this routine as a shedding resource."", ""unit"": ""hour_of_day""}]","[""Indoor-temperature control must stay within the user's preferred comfort range 24.5-25.5°C and auto-restore after 18:00-19:00."", ""The user keeps event-level confirmation authority; larger unconfirmed actions cannot execute automatically."", ""The water heater must keep bath-time hot water available before 21:00."", ""Fixed or non-DR-adjustable tasks keep their original routines: washer, water_heater."", ""No present controllable non-AC load may be scheduled to run inside the VPP window 18:00-19:00.""]","[""The user can cancel, pause, or switch to the conservative option before or during the event."", ""If the user feels uncomfortable, restore the AC to 25.5°C or the user's usual setpoint immediately and reschedule device tasks outside the window."", ""Any action beyond this event's authorization boundary requires renewed confirmation and cannot carry over by default.""]","{""compensation_note"": ""Do not invent a monetary amount; if compensation or TOU pricing applies, calculate it from the actual VPP or tariff settlement rules."", ""load_shift_kw_estimate"": 0.0, ""message"": ""No controllable device load can be safely shifted now; the benefit is mainly avoiding new noncritical load during the window."", ""recommended_bid_kw"": null, ""target_shed_kw"": 1.5, ""target_shed_kwh_or_cap_kwh"": 1.5}","[{""name"": ""Conservative option"", ""summary"": ""Keep the AC at the comfort setting and only move controllable devices out of 18:00-19:00."", ""tradeoff"": ""Lowest comfort risk, smaller shedding capability.""}, {""name"": ""Balanced option"", ""summary"": ""Make a small AC adjustment within 24.5-25.5°C and avoid 18:00-19:00 for laundry, hot water, EV charging, and other controllable devices."", ""tradeoff"": ""Balances user experience and VPP response; this is the default recommendation.""}, {""name"": ""Enhanced response option"", ""summary"": ""With renewed confirmation, use an AC setpoint closer to the comfort upper bound and complete storable-energy tasks earlier."", ""tradeoff"": ""Stronger shedding, but it requires explicit authorization and fast post-event restoration.""}]","{""alternatives_2plus"": true, ""benefit_or_compensation"": true, ""comfort_or_service_constraints"": true, ""concrete_device_actions"": true, ""personalized_to_role"": true, ""structured_constraints"": true, ""user_control_and_opt_out"": true, ""why_request"": true}"
basic_role_c_irregular_cautious,Irregular Schedule – High-Confirmation,Germany,EnergyBridge,1,review_vpp1,1,,,,,review sample,18:00-19:00 is a VPP demand-response window; the grid is asking the household to reduce about 0.50 kW of adjustable load during this peak period.,"18:00-19:00 is a VPP demand-response window; the grid is asking the household to reduce about 0.50 kW of adjustable load during this peak period. For this event, I would use a balanced plan rather than a disruptive cut, because the request is for about 0.50 kW of flexible load and the home still has comfort and service boundaries. Your saved preference profile puts comfort and service continuity ahead of aggressive grid response. Because your schedule is irregular, I do not over-trust yesterday's pattern; today's confirmation remains important. Your control preference requires clear consent and an easy opt-out before stronger actions.

I will keep the AC at 26.0°C during the event and restore normal comfort control afterward. For household tasks, I will leave the washer at its usual 19:00 routine. The water heater is prepared from 18:00 to 20:00 at 50°C, so hot water is ready without running during 18:00-19:00.

I will keep comfort and hot water inside the limits you have already set. You can cancel, pause, or restore your normal settings at any point. Anything beyond these saved limits needs a fresh confirmation from you. Because this request is only about 0.50 kW, a low-disruption response should be enough. If you want to be more cautious, I can keep the AC unchanged and only move flexible chores; if you explicitly confirm a stronger response, I can use the upper end of your comfort band for a short time.","[{""action"": ""setpoint"", ""amount"": 26.0, ""device"": ""ac"", ""duration"": ""18:00-19:00 (about 1 h)"", ""rationale"": ""Temporarily adjust only within 24.0-26.0°C, then restore comfort after the VPP window."", ""unit"": ""C""}, {""action"": ""schedule"", ""amount"": {""dr_adjustable"": false, ""routine_start_h"": 19.0}, ""device"": ""washer"", ""duration"": ""2 h"", ""rationale"": ""The washer is fixed or non-DR-adjustable, so keep the user's routine time at 19:00."", ""unit"": ""hour_of_day""}, {""action"": ""preheat"", ""amount"": {""preheat_end_h"": 20.0, ""preheat_start_h"": 18.0, ""preheat_temp_c"": 50.0}, ""device"": ""water_heater"", ""duration"": ""according to the hot-water service window"", ""rationale"": ""Keep the fixed water-heater preheat window 18:00-20:00 at 50°C; protect bath-time hot water and do not use this routine as a shedding resource."", ""unit"": ""hour_of_day""}]","[""Indoor-temperature control must stay within the user's preferred comfort range 24.0-26.0°C and auto-restore after 18:00-19:00."", ""The user keeps event-level confirmation authority; larger unconfirmed actions cannot execute automatically."", ""The water heater must keep bath-time hot water available before 21:00."", ""Fixed or non-DR-adjustable tasks keep their original routines: washer, water_heater."", ""No present controllable non-AC load may be scheduled to run inside the VPP window 18:00-19:00.""]","[""The user can cancel, pause, or switch to the conservative option before or during the event."", ""If the user feels uncomfortable, restore the AC to 26.0°C or the user's usual setpoint immediately and reschedule device tasks outside the window."", ""Any action beyond this event's authorization boundary requires renewed confirmation and cannot carry over by default.""]","{""compensation_note"": ""Do not invent a monetary amount; if compensation or TOU pricing applies, calculate it from the actual VPP or tariff settlement rules."", ""load_shift_kw_estimate"": 0.0, ""message"": ""No controllable device load can be safely shifted now; the benefit is mainly avoiding new noncritical load during the window."", ""recommended_bid_kw"": null, ""target_shed_kw"": 0.5, ""target_shed_kwh_or_cap_kwh"": 0.5}","[{""name"": ""Conservative option"", ""summary"": ""Keep the AC at the comfort setting and only move controllable devices out of 18:00-19:00."", ""tradeoff"": ""Lowest comfort risk, smaller shedding capability.""}, {""name"": ""Balanced option"", ""summary"": ""Make a small AC adjustment within 24.0-26.0°C and avoid 18:00-19:00 for laundry, hot water, EV charging, and other controllable devices."", ""tradeoff"": ""Balances user experience and VPP response; this is the default recommendation.""}, {""name"": ""Enhanced response option"", ""summary"": ""With renewed confirmation, use an AC setpoint closer to the comfort upper bound and complete storable-energy tasks earlier."", ""tradeoff"": ""Stronger shedding, but it requires explicit authorization and fast post-event restoration.""}]","{""alternatives_2plus"": true, ""benefit_or_compensation"": true, ""comfort_or_service_constraints"": true, ""concrete_device_actions"": true, ""personalized_to_role"": true, ""structured_constraints"": true, ""user_control_and_opt_out"": true, ""why_request"": true}"
basic_role_c_irregular_cautious,Irregular Schedule – High-Confirmation,Germany,EnergyBridge,2,review_vpp2,2,,,,,review sample,18:00-19:00 is a VPP demand-response window; the grid is asking the household to reduce about 1.00 kW of adjustable load during this peak period.,"18:00-19:00 is a VPP demand-response window; the grid is asking the household to reduce about 1.00 kW of adjustable load during this peak period. For this event, I would use a balanced plan rather than a disruptive cut, because the request is for about 1.00 kW of flexible load and the home still has comfort and service boundaries. Your saved preference profile puts comfort and service continuity ahead of aggressive grid response. Because your schedule is irregular, I do not over-trust yesterday's pattern; today's confirmation remains important. Your control preference requires clear consent and an easy opt-out before stronger actions.

I will keep the AC at 26.0°C during the event and restore normal comfort control afterward. For household tasks, I will leave the washer at its usual 19:00 routine. The water heater is prepared from 18:00 to 20:00 at 50°C, so hot water is ready without running during 18:00-19:00.

I will keep comfort and hot water inside the limits you have already set. You can cancel, pause, or restore your normal settings at any point. Anything beyond these saved limits needs a fresh confirmation from you. The main benefit is avoiding new nonessential load during the event window. If you want to be more cautious, I can keep the AC unchanged and only move flexible chores; if you explicitly confirm a stronger response, I can use the upper end of your comfort band for a short time.","[{""action"": ""setpoint"", ""amount"": 26.0, ""device"": ""ac"", ""duration"": ""18:00-19:00 (about 1 h)"", ""rationale"": ""Temporarily adjust only within 24.0-26.0°C, then restore comfort after the VPP window."", ""unit"": ""C""}, {""action"": ""schedule"", ""amount"": {""dr_adjustable"": false, ""routine_start_h"": 19.0}, ""device"": ""washer"", ""duration"": ""2 h"", ""rationale"": ""The washer is fixed or non-DR-adjustable, so keep the user's routine time at 19:00."", ""unit"": ""hour_of_day""}, {""action"": ""preheat"", ""amount"": {""preheat_end_h"": 20.0, ""preheat_start_h"": 18.0, ""preheat_temp_c"": 50.0}, ""device"": ""water_heater"", ""duration"": ""according to the hot-water service window"", ""rationale"": ""Keep the fixed water-heater preheat window 18:00-20:00 at 50°C; protect bath-time hot water and do not use this routine as a shedding resource."", ""unit"": ""hour_of_day""}]","[""Indoor-temperature control must stay within the user's preferred comfort range 24.0-26.0°C and auto-restore after 18:00-19:00."", ""The user keeps event-level confirmation authority; larger unconfirmed actions cannot execute automatically."", ""The water heater must keep bath-time hot water available before 21:00."", ""Fixed or non-DR-adjustable tasks keep their original routines: washer, water_heater."", ""No present controllable non-AC load may be scheduled to run inside the VPP window 18:00-19:00.""]","[""The user can cancel, pause, or switch to the conservative option before or during the event."", ""If the user feels uncomfortable, restore the AC to 26.0°C or the user's usual setpoint immediately and reschedule device tasks outside the window."", ""Any action beyond this event's authorization boundary requires renewed confirmation and cannot carry over by default.""]","{""compensation_note"": ""Do not invent a monetary amount; if compensation or TOU pricing applies, calculate it from the actual VPP or tariff settlement rules."", ""load_shift_kw_estimate"": 0.0, ""message"": ""No controllable device load can be safely shifted now; the benefit is mainly avoiding new noncritical load during the window."", ""recommended_bid_kw"": null, ""target_shed_kw"": 1.0, ""target_shed_kwh_or_cap_kwh"": 1.0}","[{""name"": ""Conservative option"", ""summary"": ""Keep the AC at the comfort setting and only move controllable devices out of 18:00-19:00."", ""tradeoff"": ""Lowest comfort risk, smaller shedding capability.""}, {""name"": ""Balanced option"", ""summary"": ""Make a small AC adjustment within 24.0-26.0°C and avoid 18:00-19:00 for laundry, hot water, EV charging, and other controllable devices."", ""tradeoff"": ""Balances user experience and VPP response; this is the default recommendation.""}, {""name"": ""Enhanced response option"", ""summary"": ""With renewed confirmation, use an AC setpoint closer to the comfort upper bound and complete storable-energy tasks earlier."", ""tradeoff"": ""Stronger shedding, but it requires explicit authorization and fast post-event restoration.""}]","{""alternatives_2plus"": true, ""benefit_or_compensation"": true, ""comfort_or_service_constraints"": true, ""concrete_device_actions"": true, ""personalized_to_role"": true, ""structured_constraints"": true, ""user_control_and_opt_out"": true, ""why_request"": true}"
basic_role_c_irregular_cautious,Irregular Schedule – High-Confirmation,Germany,EnergyBridge,3,review_vpp3,3,,,,,review sample,18:00-19:00 is a VPP demand-response window; the grid is asking the household to reduce about 1.50 kW of adjustable load during this peak period.,"18:00-19:00 is a VPP demand-response window; the grid is asking the household to reduce about 1.50 kW of adjustable load during this peak period. For this event, I would use a balanced plan rather than a disruptive cut, because the request is for about 1.50 kW of flexible load and the home still has comfort and service boundaries. Your saved preference profile puts comfort and service continuity ahead of aggressive grid response. Because your schedule is irregular, I do not over-trust yesterday's pattern; today's confirmation remains important. Your control preference requires clear consent and an easy opt-out before stronger actions.

I will keep the AC at 26.0°C during the event and restore normal comfort control afterward. For household tasks, I will leave the washer at its usual 19:00 routine. The water heater is prepared from 18:00 to 20:00 at 50°C, so hot water is ready without running during 18:00-19:00.

I will keep comfort and hot water inside the limits you have already set. You can cancel, pause, or restore your normal settings at any point. Anything beyond these saved limits needs a fresh confirmation from you. The main benefit is avoiding new nonessential load during the event window. If you want to be more cautious, I can keep the AC unchanged and only move flexible chores; if you explicitly confirm a stronger response, I can use the upper end of your comfort band for a short time.","[{""action"": ""setpoint"", ""amount"": 26.0, ""device"": ""ac"", ""duration"": ""18:00-19:00 (about 1 h)"", ""rationale"": ""Temporarily adjust only within 24.0-26.0°C, then restore comfort after the VPP window."", ""unit"": ""C""}, {""action"": ""schedule"", ""amount"": {""dr_adjustable"": false, ""routine_start_h"": 19.0}, ""device"": ""washer"", ""duration"": ""2 h"", ""rationale"": ""The washer is fixed or non-DR-adjustable, so keep the user's routine time at 19:00."", ""unit"": ""hour_of_day""}, {""action"": ""preheat"", ""amount"": {""preheat_end_h"": 20.0, ""preheat_start_h"": 18.0, ""preheat_temp_c"": 50.0}, ""device"": ""water_heater"", ""duration"": ""according to the hot-water service window"", ""rationale"": ""Keep the fixed water-heater preheat window 18:00-20:00 at 50°C; protect bath-time hot water and do not use this routine as a shedding resource."", ""unit"": ""hour_of_day""}]","[""Indoor-temperature control must stay within the user's preferred comfort range 24.0-26.0°C and auto-restore after 18:00-19:00."", ""The user keeps event-level confirmation authority; larger unconfirmed actions cannot execute automatically."", ""The water heater must keep bath-time hot water available before 21:00."", ""Fixed or non-DR-adjustable tasks keep their original routines: washer, water_heater."", ""No present controllable non-AC load may be scheduled to run inside the VPP window 18:00-19:00.""]","[""The user can cancel, pause, or switch to the conservative option before or during the event."", ""If the user feels uncomfortable, restore the AC to 26.0°C or the user's usual setpoint immediately and reschedule device tasks outside the window."", ""Any action beyond this event's authorization boundary requires renewed confirmation and cannot carry over by default.""]","{""compensation_note"": ""Do not invent a monetary amount; if compensation or TOU pricing applies, calculate it from the actual VPP or tariff settlement rules."", ""load_shift_kw_estimate"": 0.0, ""message"": ""No controllable device load can be safely shifted now; the benefit is mainly avoiding new noncritical load during the window."", ""recommended_bid_kw"": null, ""target_shed_kw"": 1.5, ""target_shed_kwh_or_cap_kwh"": 1.5}","[{""name"": ""Conservative option"", ""summary"": ""Keep the AC at the comfort setting and only move controllable devices out of 18:00-19:00."", ""tradeoff"": ""Lowest comfort risk, smaller shedding capability.""}, {""name"": ""Balanced option"", ""summary"": ""Make a small AC adjustment within 24.0-26.0°C and avoid 18:00-19:00 for laundry, hot water, EV charging, and other controllable devices."", ""tradeoff"": ""Balances user experience and VPP response; this is the default recommendation.""}, {""name"": ""Enhanced response option"", ""summary"": ""With renewed confirmation, use an AC setpoint closer to the comfort upper bound and complete storable-energy tasks earlier."", ""tradeoff"": ""Stronger shedding, but it requires explicit authorization and fast post-event restoration.""}]","{""alternatives_2plus"": true, ""benefit_or_compensation"": true, ""comfort_or_service_constraints"": true, ""concrete_device_actions"": true, ""personalized_to_role"": true, ""structured_constraints"": true, ""user_control_and_opt_out"": true, ""why_request"": true}"
basic_role_d_commuter_ideal_dr,Regular Commuter – Ideal DR Candidate,Germany,EnergyBridge,1,review_vpp1,1,,,,,review sample,18:00-19:00 is a VPP demand-response window; the grid is asking the household to reduce about 0.50 kW of adjustable load during this peak period.,"18:00-19:00 is a VPP demand-response window; the grid is asking the household to reduce about 0.50 kW of adjustable load during this peak period. For this event, I would use a balanced plan rather than a disruptive cut, because the request is for about 0.50 kW of flexible load and the home still has comfort and service boundaries. Your saved preference profile is cost-aware, so I look for flexible loads that can move without affecting comfort. Your routine usually brings you home around 18:00, so the plan protects arrival comfort. You allow automatic scheduling inside preset limits, so I use automation only where those limits are explicit.

I will keep the AC at 27.0°C during the event and restore normal comfort control afterward. For household tasks, I will start the washer at 13:00 and start the dishwasher at 16:00. The water heater is prepared from 15:00 to 17:00 at 55°C, so hot water is ready without running during 18:00-19:00.

I will keep comfort and hot water inside the limits you have already set. You can cancel, pause, or restore your normal settings at any point. Anything beyond these saved limits needs a fresh confirmation from you. Because this request is only about 0.50 kW, a low-disruption response should be enough. If you want to be more cautious, I can keep the AC unchanged and only move flexible chores; if you explicitly confirm a stronger response, I can use the upper end of your comfort band for a short time.","[{""action"": ""setpoint"", ""amount"": 27.0, ""device"": ""ac"", ""duration"": ""18:00-19:00 (about 1 h)"", ""rationale"": ""Temporarily adjust only within 23.0-27.0°C, then restore comfort after the VPP window."", ""unit"": ""C""}, {""action"": ""schedule"", ""amount"": {""duration_h"": 2.0, ""start_h"": 13.0}, ""device"": ""washer"", ""duration"": ""2 h"", ""rationale"": ""Start the washer at 13:00 for about 2 h, avoiding 18:00-19:00."", ""unit"": ""hour_of_day""}, {""action"": ""schedule"", ""amount"": {""duration_h"": 1.5, ""start_h"": 16.0}, ""device"": ""dishwasher"", ""duration"": ""1.5 h"", ""rationale"": ""Start the dishwasher at 16:00 for about 1.5 h, avoiding 18:00-19:00."", ""unit"": ""hour_of_day""}, {""action"": ""preheat"", ""amount"": {""preheat_end_h"": 17.0, ""preheat_start_h"": 15.0, ""preheat_temp_c"": 55.0}, ""device"": ""water_heater"", ""duration"": ""according to the hot-water service window"", ""rationale"": ""Preheat the water heater from 15:00 to 17:00 at 55°C; store heat before bath time and avoid 18:00-19:00."", ""unit"": ""hour_of_day""}]","[""Indoor-temperature control must stay within the user's preferred comfort range 23.0-27.0°C and auto-restore after 18:00-19:00."", ""The water heater must keep bath-time hot water available before 21:00."", ""No present controllable non-AC load may be scheduled to run inside the VPP window 18:00-19:00.""]","[""The user can cancel, pause, or switch to the conservative option before or during the event."", ""If the user feels uncomfortable, restore the AC to 27.0°C or the user's usual setpoint immediately and reschedule device tasks outside the window."", ""Any action beyond this event's authorization boundary requires renewed confirmation and cannot carry over by default."", ""Even when automation is currently allowed, the user can take over and request restoration at any time.""]","{""compensation_note"": ""Do not invent a monetary amount; if compensation or TOU pricing applies, calculate it from the actual VPP or tariff settlement rules."", ""load_shift_kw_estimate"": 4.7, ""message"": ""The reference target is about 0.50 kW, so low-disruption actions are enough; focus on moving controllable non-AC load out of the window."", ""recommended_bid_kw"": null, ""target_shed_kw"": 0.5, ""target_shed_kwh_or_cap_kwh"": 0.5}","[{""name"": ""Conservative option"", ""summary"": ""Keep the AC at the comfort setting and only move controllable devices out of 18:00-19:00."", ""tradeoff"": ""Lowest comfort risk, smaller shedding capability.""}, {""name"": ""Balanced option"", ""summary"": ""Make a small AC adjustment within 23.0-27.0°C and avoid 18:00-19:00 for laundry, hot water, EV charging, and other controllable devices."", ""tradeoff"": ""Balances user experience and VPP response; this is the default recommendation.""}, {""name"": ""Enhanced response option"", ""summary"": ""With renewed confirmation, use an AC setpoint closer to the comfort upper bound and complete storable-energy tasks earlier."", ""tradeoff"": ""Stronger shedding, but it requires explicit authorization and fast post-event restoration.""}]","{""alternatives_2plus"": true, ""benefit_or_compensation"": true, ""comfort_or_service_constraints"": true, ""concrete_device_actions"": true, ""personalized_to_role"": true, ""structured_constraints"": true, ""user_control_and_opt_out"": true, ""why_request"": true}"
basic_role_d_commuter_ideal_dr,Regular Commuter – Ideal DR Candidate,Germany,EnergyBridge,2,review_vpp2,2,,,,,review sample,18:00-19:00 is a VPP demand-response window; the grid is asking the household to reduce about 1.00 kW of adjustable load during this peak period.,"18:00-19:00 is a VPP demand-response window; the grid is asking the household to reduce about 1.00 kW of adjustable load during this peak period. For this event, I would use a balanced plan rather than a disruptive cut, because the request is for about 1.00 kW of flexible load and the home still has comfort and service boundaries. Your saved preference profile is cost-aware, so I look for flexible loads that can move without affecting comfort. Your routine usually brings you home around 18:00, so the plan protects arrival comfort. You allow automatic scheduling inside preset limits, so I use automation only where those limits are explicit.

I will keep the AC at 27.0°C during the event and restore normal comfort control afterward. For household tasks, I will start the washer at 13:00 and start the dishwasher at 16:00. The water heater is prepared from 15:00 to 17:00 at 55°C, so hot water is ready without running during 18:00-19:00.

I will keep comfort and hot water inside the limits you have already set. You can cancel, pause, or restore your normal settings at any point. Anything beyond these saved limits needs a fresh confirmation from you. This moves roughly 4.7 kW of controllable load away from the event window against a 1.00 kW request. If you want to be more cautious, I can keep the AC unchanged and only move flexible chores; if you explicitly confirm a stronger response, I can use the upper end of your comfort band for a short time.","[{""action"": ""setpoint"", ""amount"": 27.0, ""device"": ""ac"", ""duration"": ""18:00-19:00 (about 1 h)"", ""rationale"": ""Temporarily adjust only within 23.0-27.0°C, then restore comfort after the VPP window."", ""unit"": ""C""}, {""action"": ""schedule"", ""amount"": {""duration_h"": 2.0, ""start_h"": 13.0}, ""device"": ""washer"", ""duration"": ""2 h"", ""rationale"": ""Start the washer at 13:00 for about 2 h, avoiding 18:00-19:00."", ""unit"": ""hour_of_day""}, {""action"": ""schedule"", ""amount"": {""duration_h"": 1.5, ""start_h"": 16.0}, ""device"": ""dishwasher"", ""duration"": ""1.5 h"", ""rationale"": ""Start the dishwasher at 16:00 for about 1.5 h, avoiding 18:00-19:00."", ""unit"": ""hour_of_day""}, {""action"": ""preheat"", ""amount"": {""preheat_end_h"": 17.0, ""preheat_start_h"": 15.0, ""preheat_temp_c"": 55.0}, ""device"": ""water_heater"", ""duration"": ""according to the hot-water service window"", ""rationale"": ""Preheat the water heater from 15:00 to 17:00 at 55°C; store heat before bath time and avoid 18:00-19:00."", ""unit"": ""hour_of_day""}]","[""Indoor-temperature control must stay within the user's preferred comfort range 23.0-27.0°C and auto-restore after 18:00-19:00."", ""The water heater must keep bath-time hot water available before 21:00."", ""No present controllable non-AC load may be scheduled to run inside the VPP window 18:00-19:00.""]","[""The user can cancel, pause, or switch to the conservative option before or during the event."", ""If the user feels uncomfortable, restore the AC to 27.0°C or the user's usual setpoint immediately and reschedule device tasks outside the window."", ""Any action beyond this event's authorization boundary requires renewed confirmation and cannot carry over by default."", ""Even when automation is currently allowed, the user can take over and request restoration at any time.""]","{""compensation_note"": ""Do not invent a monetary amount; if compensation or TOU pricing applies, calculate it from the actual VPP or tariff settlement rules."", ""load_shift_kw_estimate"": 4.7, ""message"": ""The reference shedding target is about 1.00 kW; the plan prioritizes shifting roughly 4.7 kW of controllable device load."", ""recommended_bid_kw"": null, ""target_shed_kw"": 1.0, ""target_shed_kwh_or_cap_kwh"": 1.0}","[{""name"": ""Conservative option"", ""summary"": ""Keep the AC at the comfort setting and only move controllable devices out of 18:00-19:00."", ""tradeoff"": ""Lowest comfort risk, smaller shedding capability.""}, {""name"": ""Balanced option"", ""summary"": ""Make a small AC adjustment within 23.0-27.0°C and avoid 18:00-19:00 for laundry, hot water, EV charging, and other controllable devices."", ""tradeoff"": ""Balances user experience and VPP response; this is the default recommendation.""}, {""name"": ""Enhanced response option"", ""summary"": ""With renewed confirmation, use an AC setpoint closer to the comfort upper bound and complete storable-energy tasks earlier."", ""tradeoff"": ""Stronger shedding, but it requires explicit authorization and fast post-event restoration.""}]","{""alternatives_2plus"": true, ""benefit_or_compensation"": true, ""comfort_or_service_constraints"": true, ""concrete_device_actions"": true, ""personalized_to_role"": true, ""structured_constraints"": true, ""user_control_and_opt_out"": true, ""why_request"": true}"
basic_role_d_commuter_ideal_dr,Regular Commuter – Ideal DR Candidate,Germany,EnergyBridge,3,review_vpp3,3,,,,,review sample,18:00-19:00 is a VPP demand-response window; the grid is asking the household to reduce about 1.50 kW of adjustable load during this peak period.,"18:00-19:00 is a VPP demand-response window; the grid is asking the household to reduce about 1.50 kW of adjustable load during this peak period. For this event, I would use a balanced plan rather than a disruptive cut, because the request is for about 1.50 kW of flexible load and the home still has comfort and service boundaries. Your saved preference profile is cost-aware, so I look for flexible loads that can move without affecting comfort. Your routine usually brings you home around 18:00, so the plan protects arrival comfort. You allow automatic scheduling inside preset limits, so I use automation only where those limits are explicit.

I will keep the AC at 27.0°C during the event and restore normal comfort control afterward. For household tasks, I will start the washer at 13:00 and start the dishwasher at 16:00. The water heater is prepared from 15:00 to 17:00 at 55°C, so hot water is ready without running during 18:00-19:00.

I will keep comfort and hot water inside the limits you have already set. You can cancel, pause, or restore your normal settings at any point. Anything beyond these saved limits needs a fresh confirmation from you. This moves roughly 4.7 kW of controllable load away from the event window against a 1.50 kW request. If you want to be more cautious, I can keep the AC unchanged and only move flexible chores; if you explicitly confirm a stronger response, I can use the upper end of your comfort band for a short time.","[{""action"": ""setpoint"", ""amount"": 27.0, ""device"": ""ac"", ""duration"": ""18:00-19:00 (about 1 h)"", ""rationale"": ""Temporarily adjust only within 23.0-27.0°C, then restore comfort after the VPP window."", ""unit"": ""C""}, {""action"": ""schedule"", ""amount"": {""duration_h"": 2.0, ""start_h"": 13.0}, ""device"": ""washer"", ""duration"": ""2 h"", ""rationale"": ""Start the washer at 13:00 for about 2 h, avoiding 18:00-19:00."", ""unit"": ""hour_of_day""}, {""action"": ""schedule"", ""amount"": {""duration_h"": 1.5, ""start_h"": 16.0}, ""device"": ""dishwasher"", ""duration"": ""1.5 h"", ""rationale"": ""Start the dishwasher at 16:00 for about 1.5 h, avoiding 18:00-19:00."", ""unit"": ""hour_of_day""}, {""action"": ""preheat"", ""amount"": {""preheat_end_h"": 17.0, ""preheat_start_h"": 15.0, ""preheat_temp_c"": 55.0}, ""device"": ""water_heater"", ""duration"": ""according to the hot-water service window"", ""rationale"": ""Preheat the water heater from 15:00 to 17:00 at 55°C; store heat before bath time and avoid 18:00-19:00."", ""unit"": ""hour_of_day""}]","[""Indoor-temperature control must stay within the user's preferred comfort range 23.0-27.0°C and auto-restore after 18:00-19:00."", ""The water heater must keep bath-time hot water available before 21:00."", ""No present controllable non-AC load may be scheduled to run inside the VPP window 18:00-19:00.""]","[""The user can cancel, pause, or switch to the conservative option before or during the event."", ""If the user feels uncomfortable, restore the AC to 27.0°C or the user's usual setpoint immediately and reschedule device tasks outside the window."", ""Any action beyond this event's authorization boundary requires renewed confirmation and cannot carry over by default."", ""Even when automation is currently allowed, the user can take over and request restoration at any time.""]","{""compensation_note"": ""Do not invent a monetary amount; if compensation or TOU pricing applies, calculate it from the actual VPP or tariff settlement rules."", ""load_shift_kw_estimate"": 4.7, ""message"": ""The reference shedding target is about 1.50 kW; the plan prioritizes shifting roughly 4.7 kW of controllable device load."", ""recommended_bid_kw"": null, ""target_shed_kw"": 1.5, ""target_shed_kwh_or_cap_kwh"": 1.5}","[{""name"": ""Conservative option"", ""summary"": ""Keep the AC at the comfort setting and only move controllable devices out of 18:00-19:00."", ""tradeoff"": ""Lowest comfort risk, smaller shedding capability.""}, {""name"": ""Balanced option"", ""summary"": ""Make a small AC adjustment within 23.0-27.0°C and avoid 18:00-19:00 for laundry, hot water, EV charging, and other controllable devices."", ""tradeoff"": ""Balances user experience and VPP response; this is the default recommendation.""}, {""name"": ""Enhanced response option"", ""summary"": ""With renewed confirmation, use an AC setpoint closer to the comfort upper bound and complete storable-energy tasks earlier."", ""tradeoff"": ""Stronger shedding, but it requires explicit authorization and fast post-event restoration.""}]","{""alternatives_2plus"": true, ""benefit_or_compensation"": true, ""comfort_or_service_constraints"": true, ""concrete_device_actions"": true, ""personalized_to_role"": true, ""structured_constraints"": true, ""user_control_and_opt_out"": true, ""why_request"": true}"
basic_role_e_caregiver_low_dr,Family Caregiver – Low DR Value,Germany,EnergyBridge,1,review_vpp1,1,,,,,review sample,18:00-19:00 is a VPP demand-response window; the grid is asking the household to reduce about 0.50 kW of adjustable load during this peak period.,"18:00-19:00 is a VPP demand-response window; the grid is asking the household to reduce about 0.50 kW of adjustable load during this peak period. For this event, I would use a comfort-first, low-automation plan rather than a disruptive cut, because the request is for about 0.50 kW of flexible load and the home still has comfort and service boundaries. Your saved preference profile puts comfort and service continuity ahead of aggressive grid response. Caregiving stability for elderly is treated as a hard boundary, not as flexible load. Your control preference requires clear consent and an easy opt-out before stronger actions.

I will keep the AC at 25.0°C during the event and restore normal comfort control afterward. For household tasks, I will leave the washer at its usual 10:00 routine. The water heater is prepared from 17:00 to 19:00 at 50°C, so hot water is ready without running during 18:00-19:00.

I will keep comfort and hot water inside the limits you have already set. You can cancel, pause, or restore your normal settings at any point. Anything beyond these saved limits needs a fresh confirmation from you. Because this request is only about 0.50 kW, a low-disruption response should be enough. If you prefer, I can make this advisory only: no automatic AC or routine changes, just a reminder not to start nonessential devices during the event.","[{""action"": ""setpoint"", ""amount"": 25.0, ""device"": ""ac"", ""duration"": ""18:00-19:00 (about 1 h)"", ""rationale"": ""Keep the AC setpoint at 25.0°C within 22.0-25.0°C; do not cross caregiving or comfort boundaries for the VPP event."", ""unit"": ""C""}, {""action"": ""schedule"", ""amount"": {""dr_adjustable"": false, ""routine_start_h"": 10.0}, ""device"": ""washer"", ""duration"": ""2 h"", ""rationale"": ""The washer is fixed or non-DR-adjustable, so keep the user's routine time at 10:00."", ""unit"": ""hour_of_day""}, {""action"": ""preheat"", ""amount"": {""preheat_end_h"": 19.0, ""preheat_start_h"": 17.0, ""preheat_temp_c"": 50.0}, ""device"": ""water_heater"", ""duration"": ""according to the hot-water service window"", ""rationale"": ""Keep the fixed water-heater preheat window 17:00-19:00 at 50°C; protect bath-time hot water and do not use this routine as a shedding resource."", ""unit"": ""hour_of_day""}]","[""Indoor-temperature control must stay within the user's preferred comfort range 22.0-25.0°C and auto-restore after 18:00-19:00."", ""The user keeps event-level confirmation authority; larger unconfirmed actions cannot execute automatically."", ""Caregiving or vulnerable-member constraints come first (elderly); safety and stability are not shedding resources."", ""The water heater must keep bath-time hot water available before 20:00."", ""Fixed or non-DR-adjustable tasks keep their original routines: washer, water_heater."", ""No present controllable non-AC load may be scheduled to run inside the VPP window 18:00-19:00.""]","[""The user can cancel, pause, or switch to the conservative option before or during the event."", ""If the user feels uncomfortable, restore the AC to 25.0°C or the user's usual setpoint immediately and reschedule device tasks outside the window."", ""Any action beyond this event's authorization boundary requires renewed confirmation and cannot carry over by default.""]","{""compensation_note"": ""Do not invent a monetary amount; if compensation or TOU pricing applies, calculate it from the actual VPP or tariff settlement rules."", ""load_shift_kw_estimate"": 0.0, ""message"": ""No controllable device load can be safely shifted now; the benefit is mainly avoiding new noncritical load during the window."", ""recommended_bid_kw"": null, ""target_shed_kw"": 0.5, ""target_shed_kwh_or_cap_kwh"": 0.5}","[{""name"": ""Conservative option"", ""summary"": ""Keep the AC at the comfort setting and only move controllable devices out of 18:00-19:00."", ""tradeoff"": ""Lowest comfort risk, smaller shedding capability.""}, {""name"": ""Balanced option"", ""summary"": ""Make a small AC adjustment within 22.0-25.0°C and avoid 18:00-19:00 for laundry, hot water, EV charging, and other controllable devices."", ""tradeoff"": ""Balances user experience and VPP response; this is the default recommendation.""}, {""name"": ""Advisory-only option"", ""summary"": ""Do not automatically adjust AC or caregiving-related routines; only remind the household to avoid starting noncritical devices in the VPP window."", ""tradeoff"": ""Best for caregiving stability, but lowest VPP contribution.""}]","{""alternatives_2plus"": true, ""benefit_or_compensation"": true, ""comfort_or_service_constraints"": true, ""concrete_device_actions"": true, ""personalized_to_role"": true, ""structured_constraints"": true, ""user_control_and_opt_out"": true, ""why_request"": true}"
basic_role_e_caregiver_low_dr,Family Caregiver – Low DR Value,Germany,EnergyBridge,2,review_vpp2,2,,,,,review sample,18:00-19:00 is a VPP demand-response window; the grid is asking the household to reduce about 1.00 kW of adjustable load during this peak period.,"18:00-19:00 is a VPP demand-response window; the grid is asking the household to reduce about 1.00 kW of adjustable load during this peak period. For this event, I would use a comfort-first, low-automation plan rather than a disruptive cut, because the request is for about 1.00 kW of flexible load and the home still has comfort and service boundaries. Your saved preference profile puts comfort and service continuity ahead of aggressive grid response. Caregiving stability for elderly is treated as a hard boundary, not as flexible load. Your control preference requires clear consent and an easy opt-out before stronger actions.

I will keep the AC at 25.0°C during the event and restore normal comfort control afterward. For household tasks, I will leave the washer at its usual 10:00 routine. The water heater is prepared from 17:00 to 19:00 at 50°C, so hot water is ready without running during 18:00-19:00.

I will keep comfort and hot water inside the limits you have already set. You can cancel, pause, or restore your normal settings at any point. Anything beyond these saved limits needs a fresh confirmation from you. The main benefit is avoiding new nonessential load during the event window. If you prefer, I can make this advisory only: no automatic AC or routine changes, just a reminder not to start nonessential devices during the event.","[{""action"": ""setpoint"", ""amount"": 25.0, ""device"": ""ac"", ""duration"": ""18:00-19:00 (about 1 h)"", ""rationale"": ""Keep the AC setpoint at 25.0°C within 22.0-25.0°C; do not cross caregiving or comfort boundaries for the VPP event."", ""unit"": ""C""}, {""action"": ""schedule"", ""amount"": {""dr_adjustable"": false, ""routine_start_h"": 10.0}, ""device"": ""washer"", ""duration"": ""2 h"", ""rationale"": ""The washer is fixed or non-DR-adjustable, so keep the user's routine time at 10:00."", ""unit"": ""hour_of_day""}, {""action"": ""preheat"", ""amount"": {""preheat_end_h"": 19.0, ""preheat_start_h"": 17.0, ""preheat_temp_c"": 50.0}, ""device"": ""water_heater"", ""duration"": ""according to the hot-water service window"", ""rationale"": ""Keep the fixed water-heater preheat window 17:00-19:00 at 50°C; protect bath-time hot water and do not use this routine as a shedding resource."", ""unit"": ""hour_of_day""}]","[""Indoor-temperature control must stay within the user's preferred comfort range 22.0-25.0°C and auto-restore after 18:00-19:00."", ""The user keeps event-level confirmation authority; larger unconfirmed actions cannot execute automatically."", ""Caregiving or vulnerable-member constraints come first (elderly); safety and stability are not shedding resources."", ""The water heater must keep bath-time hot water available before 20:00."", ""Fixed or non-DR-adjustable tasks keep their original routines: washer, water_heater."", ""No present controllable non-AC load may be scheduled to run inside the VPP window 18:00-19:00.""]","[""The user can cancel, pause, or switch to the conservative option before or during the event."", ""If the user feels uncomfortable, restore the AC to 25.0°C or the user's usual setpoint immediately and reschedule device tasks outside the window."", ""Any action beyond this event's authorization boundary requires renewed confirmation and cannot carry over by default.""]","{""compensation_note"": ""Do not invent a monetary amount; if compensation or TOU pricing applies, calculate it from the actual VPP or tariff settlement rules."", ""load_shift_kw_estimate"": 0.0, ""message"": ""No controllable device load can be safely shifted now; the benefit is mainly avoiding new noncritical load during the window."", ""recommended_bid_kw"": null, ""target_shed_kw"": 1.0, ""target_shed_kwh_or_cap_kwh"": 1.0}","[{""name"": ""Conservative option"", ""summary"": ""Keep the AC at the comfort setting and only move controllable devices out of 18:00-19:00."", ""tradeoff"": ""Lowest comfort risk, smaller shedding capability.""}, {""name"": ""Balanced option"", ""summary"": ""Make a small AC adjustment within 22.0-25.0°C and avoid 18:00-19:00 for laundry, hot water, EV charging, and other controllable devices."", ""tradeoff"": ""Balances user experience and VPP response; this is the default recommendation.""}, {""name"": ""Advisory-only option"", ""summary"": ""Do not automatically adjust AC or caregiving-related routines; only remind the household to avoid starting noncritical devices in the VPP window."", ""tradeoff"": ""Best for caregiving stability, but lowest VPP contribution.""}]","{""alternatives_2plus"": true, ""benefit_or_compensation"": true, ""comfort_or_service_constraints"": true, ""concrete_device_actions"": true, ""personalized_to_role"": true, ""structured_constraints"": true, ""user_control_and_opt_out"": true, ""why_request"": true}"
basic_role_e_caregiver_low_dr,Family Caregiver – Low DR Value,Germany,EnergyBridge,3,review_vpp3,3,,,,,review sample,18:00-19:00 is a VPP demand-response window; the grid is asking the household to reduce about 1.50 kW of adjustable load during this peak period.,"18:00-19:00 is a VPP demand-response window; the grid is asking the household to reduce about 1.50 kW of adjustable load during this peak period. For this event, I would use a comfort-first, low-automation plan rather than a disruptive cut, because the request is for about 1.50 kW of flexible load and the home still has comfort and service boundaries. Your saved preference profile puts comfort and service continuity ahead of aggressive grid response. Caregiving stability for elderly is treated as a hard boundary, not as flexible load. Your control preference requires clear consent and an easy opt-out before stronger actions.

I will keep the AC at 25.0°C during the event and restore normal comfort control afterward. For household tasks, I will leave the washer at its usual 10:00 routine. The water heater is prepared from 17:00 to 19:00 at 50°C, so hot water is ready without running during 18:00-19:00.

I will keep comfort and hot water inside the limits you have already set. You can cancel, pause, or restore your normal settings at any point. Anything beyond these saved limits needs a fresh confirmation from you. The main benefit is avoiding new nonessential load during the event window. If you prefer, I can make this advisory only: no automatic AC or routine changes, just a reminder not to start nonessential devices during the event.","[{""action"": ""setpoint"", ""amount"": 25.0, ""device"": ""ac"", ""duration"": ""18:00-19:00 (about 1 h)"", ""rationale"": ""Keep the AC setpoint at 25.0°C within 22.0-25.0°C; do not cross caregiving or comfort boundaries for the VPP event."", ""unit"": ""C""}, {""action"": ""schedule"", ""amount"": {""dr_adjustable"": false, ""routine_start_h"": 10.0}, ""device"": ""washer"", ""duration"": ""2 h"", ""rationale"": ""The washer is fixed or non-DR-adjustable, so keep the user's routine time at 10:00."", ""unit"": ""hour_of_day""}, {""action"": ""preheat"", ""amount"": {""preheat_end_h"": 19.0, ""preheat_start_h"": 17.0, ""preheat_temp_c"": 50.0}, ""device"": ""water_heater"", ""duration"": ""according to the hot-water service window"", ""rationale"": ""Keep the fixed water-heater preheat window 17:00-19:00 at 50°C; protect bath-time hot water and do not use this routine as a shedding resource."", ""unit"": ""hour_of_day""}]","[""Indoor-temperature control must stay within the user's preferred comfort range 22.0-25.0°C and auto-restore after 18:00-19:00."", ""The user keeps event-level confirmation authority; larger unconfirmed actions cannot execute automatically."", ""Caregiving or vulnerable-member constraints come first (elderly); safety and stability are not shedding resources."", ""The water heater must keep bath-time hot water available before 20:00."", ""Fixed or non-DR-adjustable tasks keep their original routines: washer, water_heater."", ""No present controllable non-AC load may be scheduled to run inside the VPP window 18:00-19:00.""]","[""The user can cancel, pause, or switch to the conservative option before or during the event."", ""If the user feels uncomfortable, restore the AC to 25.0°C or the user's usual setpoint immediately and reschedule device tasks outside the window."", ""Any action beyond this event's authorization boundary requires renewed confirmation and cannot carry over by default.""]","{""compensation_note"": ""Do not invent a monetary amount; if compensation or TOU pricing applies, calculate it from the actual VPP or tariff settlement rules."", ""load_shift_kw_estimate"": 0.0, ""message"": ""No controllable device load can be safely shifted now; the benefit is mainly avoiding new noncritical load during the window."", ""recommended_bid_kw"": null, ""target_shed_kw"": 1.5, ""target_shed_kwh_or_cap_kwh"": 1.5}","[{""name"": ""Conservative option"", ""summary"": ""Keep the AC at the comfort setting and only move controllable devices out of 18:00-19:00."", ""tradeoff"": ""Lowest comfort risk, smaller shedding capability.""}, {""name"": ""Balanced option"", ""summary"": ""Make a small AC adjustment within 22.0-25.0°C and avoid 18:00-19:00 for laundry, hot water, EV charging, and other controllable devices."", ""tradeoff"": ""Balances user experience and VPP response; this is the default recommendation.""}, {""name"": ""Advisory-only option"", ""summary"": ""Do not automatically adjust AC or caregiving-related routines; only remind the household to avoid starting noncritical devices in the VPP window."", ""tradeoff"": ""Best for caregiving stability, but lowest VPP contribution.""}]","{""alternatives_2plus"": true, ""benefit_or_compensation"": true, ""comfort_or_service_constraints"": true, ""concrete_device_actions"": true, ""personalized_to_role"": true, ""structured_constraints"": true, ""user_control_and_opt_out"": true, ""why_request"": true}"
basic_role_f_commuter_ev_optimizer,Regular Commuter – EV Optimiser,Germany,EnergyBridge,1,review_vpp1,1,,,,,review sample,18:00-19:00 is a VPP demand-response window; the grid is asking the household to reduce about 0.50 kW of adjustable load during this peak period.,"18:00-19:00 is a VPP demand-response window; the grid is asking the household to reduce about 0.50 kW of adjustable load during this peak period. For this event, I would use an EV-safe balanced plan rather than a disruptive cut, because the request is for about 0.50 kW of flexible load and the home still has comfort and service boundaries. Your saved preference profile is cost-aware, so I look for flexible loads that can move without affecting comfort. Your EV routine requires 80% SOC before 07:30, so mobility takes priority over extra shedding. Your routine usually brings you home around 18:30, so the plan protects arrival comfort.

I will keep the AC at 26.0°C during the event and restore normal comfort control afterward. For household tasks, I will start the washer at 20:00. The water heater is prepared from 15:00 to 17:00 at 55°C, so hot water is ready without running during 18:00-19:00. EV charging waits until 19:00-23:54, keeping the event window clear while protecting the departure SOC target.

I will keep comfort, hot water, and next-trip EV charge inside the limits you have already set. You can cancel, pause, or restore your normal settings at any point. Anything beyond these saved limits needs a fresh confirmation from you. Because this request is only about 0.50 kW, a low-disruption response should be enough. If your travel plan changes, I can switch to an EV-priority version and charge sooner, even if that leaves less flexibility for the grid event.","[{""action"": ""setpoint"", ""amount"": 26.0, ""device"": ""ac"", ""duration"": ""18:00-19:00 (about 1 h)"", ""rationale"": ""Temporarily adjust only within 24.0-26.0°C, then restore comfort after the VPP window."", ""unit"": ""C""}, {""action"": ""schedule"", ""amount"": {""duration_h"": 2.0, ""start_h"": 20.0}, ""device"": ""washer"", ""duration"": ""2 h"", ""rationale"": ""Start the washer at 20:00 for about 2 h, avoiding 18:00-19:00."", ""unit"": ""hour_of_day""}, {""action"": ""preheat"", ""amount"": {""preheat_end_h"": 17.0, ""preheat_start_h"": 15.0, ""preheat_temp_c"": 55.0}, ""device"": ""water_heater"", ""duration"": ""according to the hot-water service window"", ""rationale"": ""Preheat the water heater from 15:00 to 17:00 at 55°C; store heat before bath time and avoid 18:00-19:00."", ""unit"": ""hour_of_day""}, {""action"": ""charge_window"", ""amount"": {""charge_end_h"": 23.9, ""charge_start_h"": 19.0}, ""device"": ""ev"", ""duration"": ""until the SOC constraint is satisfied"", ""rationale"": ""Set the EV charging window to 19:00-23:54, avoid 18:00-19:00, and reach 80% SOC before 07:30."", ""unit"": ""hour_of_day""}]","[""Indoor-temperature control must stay within the user's preferred comfort range 24.0-26.0°C and auto-restore after 18:00-19:00."", ""The EV must reach 80% SOC before departure at 07:30."", ""The water heater must keep bath-time hot water available before 20:00."", ""No present controllable non-AC load may be scheduled to run inside the VPP window 18:00-19:00.""]","[""The user can cancel, pause, or switch to the conservative option before or during the event."", ""If the user feels uncomfortable, restore the AC to 26.0°C or the user's usual setpoint immediately and reschedule device tasks outside the window."", ""Any action beyond this event's authorization boundary requires renewed confirmation and cannot carry over by default."", ""Even when automation is currently allowed, the user can take over and request restoration at any time.""]","{""compensation_note"": ""Do not invent a monetary amount; if compensation or TOU pricing applies, calculate it from the actual VPP or tariff settlement rules."", ""load_shift_kw_estimate"": 10.9, ""message"": ""The reference target is about 0.50 kW, so low-disruption actions are enough; focus on moving controllable non-AC load out of the window."", ""recommended_bid_kw"": null, ""target_shed_kw"": 0.5, ""target_shed_kwh_or_cap_kwh"": 0.5}","[{""name"": ""Conservative option"", ""summary"": ""Keep the AC at the comfort setting and only move controllable devices out of 18:00-19:00."", ""tradeoff"": ""Lowest comfort risk, smaller shedding capability.""}, {""name"": ""Balanced option"", ""summary"": ""Make a small AC adjustment within 24.0-26.0°C and avoid 18:00-19:00 for laundry, hot water, EV charging, and other controllable devices."", ""tradeoff"": ""Balances user experience and VPP response; this is the default recommendation.""}, {""name"": ""EV-priority option"", ""summary"": ""Treat reaching target SOC before 07:30 as a hard constraint; if needed, start charging immediately after 18:00-19:00."", ""tradeoff"": ""Protects mobility, but may reduce available shedding time.""}]","{""alternatives_2plus"": true, ""benefit_or_compensation"": true, ""comfort_or_service_constraints"": true, ""concrete_device_actions"": true, ""personalized_to_role"": true, ""structured_constraints"": true, ""user_control_and_opt_out"": true, ""why_request"": true}"
basic_role_f_commuter_ev_optimizer,Regular Commuter – EV Optimiser,Germany,EnergyBridge,2,review_vpp2,2,,,,,review sample,18:00-19:00 is a VPP demand-response window; the grid is asking the household to reduce about 1.00 kW of adjustable load during this peak period.,"18:00-19:00 is a VPP demand-response window; the grid is asking the household to reduce about 1.00 kW of adjustable load during this peak period. For this event, I would use an EV-safe balanced plan rather than a disruptive cut, because the request is for about 1.00 kW of flexible load and the home still has comfort and service boundaries. Your saved preference profile is cost-aware, so I look for flexible loads that can move without affecting comfort. Your EV routine requires 80% SOC before 07:30, so mobility takes priority over extra shedding. Your routine usually brings you home around 18:30, so the plan protects arrival comfort.

I will keep the AC at 26.0°C during the event and restore normal comfort control afterward. For household tasks, I will start the washer at 20:00. The water heater is prepared from 15:00 to 17:00 at 55°C, so hot water is ready without running during 18:00-19:00. EV charging waits until 19:00-23:54, keeping the event window clear while protecting the departure SOC target.

I will keep comfort, hot water, and next-trip EV charge inside the limits you have already set. You can cancel, pause, or restore your normal settings at any point. Anything beyond these saved limits needs a fresh confirmation from you. This moves roughly 10.9 kW of controllable load away from the event window against a 1.00 kW request. If your travel plan changes, I can switch to an EV-priority version and charge sooner, even if that leaves less flexibility for the grid event.","[{""action"": ""setpoint"", ""amount"": 26.0, ""device"": ""ac"", ""duration"": ""18:00-19:00 (about 1 h)"", ""rationale"": ""Temporarily adjust only within 24.0-26.0°C, then restore comfort after the VPP window."", ""unit"": ""C""}, {""action"": ""schedule"", ""amount"": {""duration_h"": 2.0, ""start_h"": 20.0}, ""device"": ""washer"", ""duration"": ""2 h"", ""rationale"": ""Start the washer at 20:00 for about 2 h, avoiding 18:00-19:00."", ""unit"": ""hour_of_day""}, {""action"": ""preheat"", ""amount"": {""preheat_end_h"": 17.0, ""preheat_start_h"": 15.0, ""preheat_temp_c"": 55.0}, ""device"": ""water_heater"", ""duration"": ""according to the hot-water service window"", ""rationale"": ""Preheat the water heater from 15:00 to 17:00 at 55°C; store heat before bath time and avoid 18:00-19:00."", ""unit"": ""hour_of_day""}, {""action"": ""charge_window"", ""amount"": {""charge_end_h"": 23.9, ""charge_start_h"": 19.0}, ""device"": ""ev"", ""duration"": ""until the SOC constraint is satisfied"", ""rationale"": ""Set the EV charging window to 19:00-23:54, avoid 18:00-19:00, and reach 80% SOC before 07:30."", ""unit"": ""hour_of_day""}]","[""Indoor-temperature control must stay within the user's preferred comfort range 24.0-26.0°C and auto-restore after 18:00-19:00."", ""The EV must reach 80% SOC before departure at 07:30."", ""The water heater must keep bath-time hot water available before 20:00."", ""No present controllable non-AC load may be scheduled to run inside the VPP window 18:00-19:00.""]","[""The user can cancel, pause, or switch to the conservative option before or during the event."", ""If the user feels uncomfortable, restore the AC to 26.0°C or the user's usual setpoint immediately and reschedule device tasks outside the window."", ""Any action beyond this event's authorization boundary requires renewed confirmation and cannot carry over by default."", ""Even when automation is currently allowed, the user can take over and request restoration at any time.""]","{""compensation_note"": ""Do not invent a monetary amount; if compensation or TOU pricing applies, calculate it from the actual VPP or tariff settlement rules."", ""load_shift_kw_estimate"": 10.9, ""message"": ""The reference shedding target is about 1.00 kW; the plan prioritizes shifting roughly 10.9 kW of controllable device load."", ""recommended_bid_kw"": null, ""target_shed_kw"": 1.0, ""target_shed_kwh_or_cap_kwh"": 1.0}","[{""name"": ""Conservative option"", ""summary"": ""Keep the AC at the comfort setting and only move controllable devices out of 18:00-19:00."", ""tradeoff"": ""Lowest comfort risk, smaller shedding capability.""}, {""name"": ""Balanced option"", ""summary"": ""Make a small AC adjustment within 24.0-26.0°C and avoid 18:00-19:00 for laundry, hot water, EV charging, and other controllable devices."", ""tradeoff"": ""Balances user experience and VPP response; this is the default recommendation.""}, {""name"": ""EV-priority option"", ""summary"": ""Treat reaching target SOC before 07:30 as a hard constraint; if needed, start charging immediately after 18:00-19:00."", ""tradeoff"": ""Protects mobility, but may reduce available shedding time.""}]","{""alternatives_2plus"": true, ""benefit_or_compensation"": true, ""comfort_or_service_constraints"": true, ""concrete_device_actions"": true, ""personalized_to_role"": true, ""structured_constraints"": true, ""user_control_and_opt_out"": true, ""why_request"": true}"
basic_role_f_commuter_ev_optimizer,Regular Commuter – EV Optimiser,Germany,EnergyBridge,3,review_vpp3,3,,,,,review sample,18:00-19:00 is a VPP demand-response window; the grid is asking the household to reduce about 1.50 kW of adjustable load during this peak period.,"18:00-19:00 is a VPP demand-response window; the grid is asking the household to reduce about 1.50 kW of adjustable load during this peak period. For this event, I would use an EV-safe balanced plan rather than a disruptive cut, because the request is for about 1.50 kW of flexible load and the home still has comfort and service boundaries. Your saved preference profile is cost-aware, so I look for flexible loads that can move without affecting comfort. Your EV routine requires 80% SOC before 07:30, so mobility takes priority over extra shedding. Your routine usually brings you home around 18:30, so the plan protects arrival comfort.

I will keep the AC at 26.0°C during the event and restore normal comfort control afterward. For household tasks, I will start the washer at 20:00. The water heater is prepared from 15:00 to 17:00 at 55°C, so hot water is ready without running during 18:00-19:00. EV charging waits until 19:00-23:54, keeping the event window clear while protecting the departure SOC target.

I will keep comfort, hot water, and next-trip EV charge inside the limits you have already set. You can cancel, pause, or restore your normal settings at any point. Anything beyond these saved limits needs a fresh confirmation from you. This moves roughly 10.9 kW of controllable load away from the event window against a 1.50 kW request. If your travel plan changes, I can switch to an EV-priority version and charge sooner, even if that leaves less flexibility for the grid event.","[{""action"": ""setpoint"", ""amount"": 26.0, ""device"": ""ac"", ""duration"": ""18:00-19:00 (about 1 h)"", ""rationale"": ""Temporarily adjust only within 24.0-26.0°C, then restore comfort after the VPP window."", ""unit"": ""C""}, {""action"": ""schedule"", ""amount"": {""duration_h"": 2.0, ""start_h"": 20.0}, ""device"": ""washer"", ""duration"": ""2 h"", ""rationale"": ""Start the washer at 20:00 for about 2 h, avoiding 18:00-19:00."", ""unit"": ""hour_of_day""}, {""action"": ""preheat"", ""amount"": {""preheat_end_h"": 17.0, ""preheat_start_h"": 15.0, ""preheat_temp_c"": 55.0}, ""device"": ""water_heater"", ""duration"": ""according to the hot-water service window"", ""rationale"": ""Preheat the water heater from 15:00 to 17:00 at 55°C; store heat before bath time and avoid 18:00-19:00."", ""unit"": ""hour_of_day""}, {""action"": ""charge_window"", ""amount"": {""charge_end_h"": 23.9, ""charge_start_h"": 19.0}, ""device"": ""ev"", ""duration"": ""until the SOC constraint is satisfied"", ""rationale"": ""Set the EV charging window to 19:00-23:54, avoid 18:00-19:00, and reach 80% SOC before 07:30."", ""unit"": ""hour_of_day""}]","[""Indoor-temperature control must stay within the user's preferred comfort range 24.0-26.0°C and auto-restore after 18:00-19:00."", ""The EV must reach 80% SOC before departure at 07:30."", ""The water heater must keep bath-time hot water available before 20:00."", ""No present controllable non-AC load may be scheduled to run inside the VPP window 18:00-19:00.""]","[""The user can cancel, pause, or switch to the conservative option before or during the event."", ""If the user feels uncomfortable, restore the AC to 26.0°C or the user's usual setpoint immediately and reschedule device tasks outside the window."", ""Any action beyond this event's authorization boundary requires renewed confirmation and cannot carry over by default."", ""Even when automation is currently allowed, the user can take over and request restoration at any time.""]","{""compensation_note"": ""Do not invent a monetary amount; if compensation or TOU pricing applies, calculate it from the actual VPP or tariff settlement rules."", ""load_shift_kw_estimate"": 10.9, ""message"": ""The reference shedding target is about 1.50 kW; the plan prioritizes shifting roughly 10.9 kW of controllable device load."", ""recommended_bid_kw"": null, ""target_shed_kw"": 1.5, ""target_shed_kwh_or_cap_kwh"": 1.5}","[{""name"": ""Conservative option"", ""summary"": ""Keep the AC at the comfort setting and only move controllable devices out of 18:00-19:00."", ""tradeoff"": ""Lowest comfort risk, smaller shedding capability.""}, {""name"": ""Balanced option"", ""summary"": ""Make a small AC adjustment within 24.0-26.0°C and avoid 18:00-19:00 for laundry, hot water, EV charging, and other controllable devices."", ""tradeoff"": ""Balances user experience and VPP response; this is the default recommendation.""}, {""name"": ""EV-priority option"", ""summary"": ""Treat reaching target SOC before 07:30 as a hard constraint; if needed, start charging immediately after 18:00-19:00."", ""tradeoff"": ""Protects mobility, but may reduce available shedding time.""}]","{""alternatives_2plus"": true, ""benefit_or_compensation"": true, ""comfort_or_service_constraints"": true, ""concrete_device_actions"": true, ""personalized_to_role"": true, ""structured_constraints"": true, ""user_control_and_opt_out"": true, ""why_request"": true}"
